data_conclusao;processo;objeto;cnae_subclasse;cnae_descricao;fundamento;valor;conta_para_limite;exercicio;inciso
2026-01-22;PA 001/2026 — Dispensa 001/2026;Fornecimento de certificados digitais e-CPF e e-CNPJ modelo A1, padrao ICP-Brasil;4751-2/01;COMERCIO VAREJISTA ESPECIALIZADO DE EQUIPAMENTOS E SUPRIMENTOS DE INFORMATICA;Dispensa — art. 75, II;158.00;S;2026;II
2026-01-22;PA 002/2026 — Dispensa 002/2026;Locacao de veiculos por diaria, tipo sedan, sem condutor;7711-0/00;LOCACAO DE AUTOMOVEIS SEM CONDUTOR;Dispensa — art. 75, II;18200.00;S;2026;II
2026-03-02;PA 005/2026 — Dispensa 003/2026;Materiais de expediente (capas de processos) para servicos administrativos e de arquivo;4761-0/03;COMERCIO VAREJISTA DE ARTIGOS DE PAPELARIA;Dispensa — art. 75, II;5750.00;S;2026;II
2026-03-02;PA 006/2026 — Dispensa 004/2026;Fornecimento parcelado de generos alimenticios, higiene, limpeza, descartaveis, agua mineral e GLP;4712-1/00;COMERCIO VAREJISTA DE MERCADORIAS EM GERAL, COM PREDOMINANCIA DE PRODUTOS ALIMENTICIOS - MINIMERCADOS, MERCEARIAS E ARMAZENS;Dispensa — art. 75, II;22588.25;S;2026;II
2026-03-23;PA 010/2026 — Dispensa 005/2026;Placas de homenagem em aco inox com estojo (Honra ao Merito da Mulher Elza Carneiro);3299-0/03;FABRICACAO DE LETRAS, LETREIROS E PLACAS DE QUALQUER MATERIAL, EXCETO LUMINOSOS;Dispensa — art. 75, II;2520.00;S;2026;II
2026-03-30;PA 011/2026 — Dispensa 006/2026;Refis de tinta originais Epson compativeis com impressoras L4260;4751-2/01;COMERCIO VAREJISTA ESPECIALIZADO DE EQUIPAMENTOS E SUPRIMENTOS DE INFORMATICA;Dispensa — art. 75, II;3440.00;S;2026;II
2026-05-05;PA 013/2026 — Dispensa 007/2026;Equipamentos de TI, audiovisual, infraestrutura logica/eletrica e mobiliario tecnico;4751-2/01;COMERCIO VAREJISTA ESPECIALIZADO DE EQUIPAMENTOS E SUPRIMENTOS DE INFORMATICA;Dispensa — art. 75, II;15732.52;S;2026;II
2026-04-17;PA 015/2026 — Dispensa 008/2026;Materiais de expediente (papelaria) para demandas da Camara;4761-0/03;COMERCIO VAREJISTA DE ARTIGOS DE PAPELARIA;Dispensa — art. 75, II;8603.80;S;2026;II
2026-06-08;PA 016/2026 — Dispensa 009/2026;Equipamentos e acessorios de informatica, audio, video, sonorizacao, rede e producao audiovisual;4751-2/01;COMERCIO VAREJISTA ESPECIALIZADO DE EQUIPAMENTOS E SUPRIMENTOS DE INFORMATICA;Dispensa — art. 75, II;33073.95;S;2026;II
2026-06-09;PA 019/2026 — Dispensa 010/2026;Suportes fixos de mesa personalizados para tablets do sistema de votacao eletronica;4751-2/01;COMERCIO VAREJISTA ESPECIALIZADO DE EQUIPAMENTOS E SUPRIMENTOS DE INFORMATICA;Dispensa — art. 75, II;2195.91;S;2026;II
2026-06-10;PA 020/2026 — Dispensa 011/2026;Aquisicao e instalacao/substituicao de claraboia em aluminio e policarbonato alveolar;4743-1/00;COMERCIO VAREJISTA DE VIDROS;Dispensa — art. 75, II;2780.00;S;2026;II
2026-06-23;PA 023/2026 — Dispensa 012/2026;Recarga e manutencao de extintores de incendio (CO2 6kg e agua pressurizada 10L);3314-7/10;MANUTENCAO E REPARACAO DE MAQUINAS E EQUIPAMENTOS PARA USO GERAL NAO ESPECIFICADOS ANTERIORMENTE;Dispensa — art. 75, II;493.00;S;2026;II
2026-07-17;PA 024/2026 — Dispensa 013/2026;Servico tecnico de pericia em audio, com laudo/parecer para a Comissao Processante;7120-1/00;TESTES E ANALISES TECNICAS;Dispensa — art. 75, II;6750.00;S;2026;II
2026-02-09;PA 003/2026 — Inexigibilidade 001/2026;Auditoria contabil e financeira das demonstracoes da ASPPI (exercicios 2021-2025), para subsidiar a CEI;6920-6/02;ATIVIDADES DE CONSULTORIA E AUDITORIA CONTABIL E TRIBUTARIA;Inexigibilidade — art. 74, III, c;25000.00;N;2026;II
2026-02-11;PA 004/2026 — Inexigibilidade 002/2026;4 inscricoes no 660o Curso de Capacitacao (10 a 13/02/2026, Belo Horizonte);8599-6/04;TREINAMENTO EM DESENVOLVIMENTO PROFISSIONAL E GERENCIAL;Inexigibilidade — art. 74, III, f;5560.00;N;2026;II
2026-03-02;PA 007/2026 — Inexigibilidade 003/2026;2 inscricoes no 663o Curso de Capacitacao (03 a 06/03/2026, Belo Horizonte);8599-6/04;TREINAMENTO EM DESENVOLVIMENTO PROFISSIONAL E GERENCIAL;Inexigibilidade — art. 74, III, f;2780.00;N;2026;II
2026-03-16;PA 008/2026 — Inexigibilidade 004/2026;4 inscricoes no 665o Curso de Capacitacao (17 a 20/03/2026, Belo Horizonte);8599-6/04;TREINAMENTO EM DESENVOLVIMENTO PROFISSIONAL E GERENCIAL;Inexigibilidade — art. 74, III, f;5560.00;N;2026;II
2026-03-16;PA 009/2026 — Inexigibilidade 005/2026;2 inscricoes no curso Parlamento Jovem, Camara Mirim e Educacao Civica (17 a 20/03/2026);8599-6/04;TREINAMENTO EM DESENVOLVIMENTO PROFISSIONAL E GERENCIAL;Inexigibilidade — art. 74, III, f;3980.00;N;2026;II
2026-04-01;PA 012/2026 — Inexigibilidade 006/2026;Licenciamento de uso de software para coleta de dados e integracao ao sistema de emissao da CIN (VALID);6203-1/00;DESENVOLVIMENTO E LICENCIAMENTO DE PROGRAMAS DE COMPUTADOR NAO CUSTOMIZAVEIS;Inexigibilidade — art. 74, I;2500.00;N;2026;II
2026-04-13;PA 014/2026 — Inexigibilidade 007/2026;3 inscricoes no curso Responsabilidade Criminal de Prefeitos e Vereadores (14 a 17/04/2026);8599-6/04;TREINAMENTO EM DESENVOLVIMENTO PROFISSIONAL E GERENCIAL;Inexigibilidade — art. 74, III, f;5970.00;N;2026;II
2026-05-27;PA 017/2026 — Inexigibilidade 008/2026;2 inscricoes no 675o Curso de Capacitacao (26 a 29/05/2026, Belo Horizonte);8599-6/04;TREINAMENTO EM DESENVOLVIMENTO PROFISSIONAL E GERENCIAL;Inexigibilidade — art. 74, III, f;2780.00;N;2026;II
2026-05-29;PA 018/2026 — Inexigibilidade 009/2026;Consultoria e assessoria juridica para procedimento do DL 201/1967 (denuncia contra o Prefeito);6911-7/01;SERVICOS ADVOCATICIOS;Inexigibilidade — art. 74, III, c;70000.00;N;2026;II
2026-06-26;PA 021/2026 — Inexigibilidade 010/2026;2 inscricoes no curso IA na Rotina da Camara: Automatize Tarefas e Aumente a Produtividade;8599-6/04;TREINAMENTO EM DESENVOLVIMENTO PROFISSIONAL E GERENCIAL;Inexigibilidade — art. 74, III, f;4980.00;N;2026;II
2026-06-26;PA 022/2026 — Inexigibilidade 011/2026;3 inscricoes no 679o Curso de Capacitacao - LDO e governanca orcamentaria (23 a 26/06/2026);8599-6/04;TREINAMENTO EM DESENVOLVIMENTO PROFISSIONAL E GERENCIAL;Inexigibilidade — art. 74, III, f;4170.00;N;2026;II
2026-07-21;PA 025/2026 — Inexigibilidade 012/2026;Inscricoes no 683o Curso de Capacitacao (21 a 24/07/2026, Belo Horizonte);8599-6/04;TREINAMENTO EM DESENVOLVIMENTO PROFISSIONAL E GERENCIAL;Inexigibilidade — art. 74, III, f;4170.00;N;2026;II
