id,edicao,data_publicacao,processos,data_sessao,relator,orgao_julgador,paginas,regime_legal,temas,termos_selecao,arquivo_original,sha256,pagina_publicacao_url,pdf_url,ficha_path
tcesp-014250-989-20-9-b01-00460efca2c7,1,2021-02-01,TC-014250.989.20-9 | TC-015311.989.20-6,2021-02-09,Conselheiro Antonio Roque Citadini,SEGUNDA CÂMARA,21,lei-8666+lei-13979,execução contratual | pandemia,dispensa de licitacao,TCE-SP_BOLETINS/edicao-01_Boletim-Jurisprudencia-TCESP-Fevereiro_2021.pdf,00460EFCA2C75DF130D31268557A8CC479D03D27BC92DC57D4333F46A7101C77,https://www.tce.sp.gov.br/publicacoes/boletim-jurisprudencia-edicao-01-fevereiro2021,https://www.tce.sp.gov.br/sites/default/files/publicacoes/Boletim-Jurisprudencia-TCESP-Fevereiro_2021.pdf,03_jurisprudencia/tce_sp/contratacao_direta/fichas/tcesp-014250-989-20-9-b01-00460efca2c7.md
tcesp-029047-026-09-b01-00460efca2c7,1,2021-02-01,TC-029047/026/09 | TC-029048/026/09 | TC-029049/026/09,2021-02-10,Conselheiro Renato MarDns Costa,TRIBUNAL PLENO,18 | 19,nao-identificado,emergência | planejamento,dispensa de licitacao,TCE-SP_BOLETINS/edicao-01_Boletim-Jurisprudencia-TCESP-Fevereiro_2021.pdf,00460EFCA2C75DF130D31268557A8CC479D03D27BC92DC57D4333F46A7101C77,https://www.tce.sp.gov.br/publicacoes/boletim-jurisprudencia-edicao-01-fevereiro2021,https://www.tce.sp.gov.br/sites/default/files/publicacoes/Boletim-Jurisprudencia-TCESP-Fevereiro_2021.pdf,03_jurisprudencia/tce_sp/contratacao_direta/fichas/tcesp-029047-026-09-b01-00460efca2c7.md
tcesp-016746-989-20-1-b01-00460efca2c7,1,2021-02-01,TC-016746.989.20-1,2021-02-23,Conselheiro Edgard Camargo Rodrigues,SEGUNDA CÂMARA,21 | 22,lei-8666,emergência | pesquisa de preços,dispensa de licitacao,TCE-SP_BOLETINS/edicao-01_Boletim-Jurisprudencia-TCESP-Fevereiro_2021.pdf,00460EFCA2C75DF130D31268557A8CC479D03D27BC92DC57D4333F46A7101C77,https://www.tce.sp.gov.br/publicacoes/boletim-jurisprudencia-edicao-01-fevereiro2021,https://www.tce.sp.gov.br/sites/default/files/publicacoes/Boletim-Jurisprudencia-TCESP-Fevereiro_2021.pdf,03_jurisprudencia/tce_sp/contratacao_direta/fichas/tcesp-016746-989-20-1-b01-00460efca2c7.md
tcesp-007058-026-14-b01-00460efca2c7,1,2021-02-01,TC-007058/026/14,2021-02-24,Conselheiro Renato MarDns Costa,TRIBUNAL PLENO,20,nao-identificado,,dispensa de licitacao,TCE-SP_BOLETINS/edicao-01_Boletim-Jurisprudencia-TCESP-Fevereiro_2021.pdf,00460EFCA2C75DF130D31268557A8CC479D03D27BC92DC57D4333F46A7101C77,https://www.tce.sp.gov.br/publicacoes/boletim-jurisprudencia-edicao-01-fevereiro2021,https://www.tce.sp.gov.br/sites/default/files/publicacoes/Boletim-Jurisprudencia-TCESP-Fevereiro_2021.pdf,03_jurisprudencia/tce_sp/contratacao_direta/fichas/tcesp-007058-026-14-b01-00460efca2c7.md
tcesp-018758-989-20-6-b01-00460efca2c7,1,2021-02-01,TC-018758.989.20-6 | TC-018759.989.20-5 | TC-018760.989.20-2,2021-02-24,SubsDtuta de Conselheiro Silvia Monteiro,TRIBUNAL PLENO,20 | 21,nao-identificado,execução contratual | publicidade,dispensa de licitacao,TCE-SP_BOLETINS/edicao-01_Boletim-Jurisprudencia-TCESP-Fevereiro_2021.pdf,00460EFCA2C75DF130D31268557A8CC479D03D27BC92DC57D4333F46A7101C77,https://www.tce.sp.gov.br/publicacoes/boletim-jurisprudencia-edicao-01-fevereiro2021,https://www.tce.sp.gov.br/sites/default/files/publicacoes/Boletim-Jurisprudencia-TCESP-Fevereiro_2021.pdf,03_jurisprudencia/tce_sp/contratacao_direta/fichas/tcesp-018758-989-20-6-b01-00460efca2c7.md
tcesp-023509-989-20-8-b02-43751f07840a,2,2021-03-01,TC-023509.989.20-8,2021-03-10,Conselheiro Sidney Estanislau Beraldo,TRIBUNAL PLENO,16,lei-8666,emergência | planejamento,dispensa de licitacao,TCE-SP_BOLETINS/edicao-02_Boletim-Jurisprudencia-TCESP-Marco_2021.pdf,43751F07840AB14D4A673A8F0DD4FC2235081CE9F2EB110543467DAA83135CA2,https://www.tce.sp.gov.br/publicacoes/boletim-jurisprudencia-edicao-02-marco2021,https://www.tce.sp.gov.br/sites/default/files/publicacoes/Boletim-Jurisprudencia-TCESP-Marco_2021.pdf,03_jurisprudencia/tce_sp/contratacao_direta/fichas/tcesp-023509-989-20-8-b02-43751f07840a.md
tcesp-016600-989-20-6-b02-43751f07840a,2,2021-03-01,TC-016600.989.20-6 | TC-016707.989.20-8,2021-03-16,Conselheiro Renato Mar;ns Costa,SEGUNDA CÂMARA,21,lei-8666+lei-13979,emergência | pandemia | responsabilização,dispensa de licitacao,TCE-SP_BOLETINS/edicao-02_Boletim-Jurisprudencia-TCESP-Marco_2021.pdf,43751F07840AB14D4A673A8F0DD4FC2235081CE9F2EB110543467DAA83135CA2,https://www.tce.sp.gov.br/publicacoes/boletim-jurisprudencia-edicao-02-marco2021,https://www.tce.sp.gov.br/sites/default/files/publicacoes/Boletim-Jurisprudencia-TCESP-Marco_2021.pdf,03_jurisprudencia/tce_sp/contratacao_direta/fichas/tcesp-016600-989-20-6-b02-43751f07840a.md
tcesp-020833-989-20-5-b02-43751f07840a,2,2021-03-01,TC-020833.989.20-5,2021-03-31,Conselheiro Renato Mar;ns Costa,TRIBUNAL PLENO,18 | 19,nao-identificado,publicidade,dispensa de licitacao,TCE-SP_BOLETINS/edicao-02_Boletim-Jurisprudencia-TCESP-Marco_2021.pdf,43751F07840AB14D4A673A8F0DD4FC2235081CE9F2EB110543467DAA83135CA2,https://www.tce.sp.gov.br/publicacoes/boletim-jurisprudencia-edicao-02-marco2021,https://www.tce.sp.gov.br/sites/default/files/publicacoes/Boletim-Jurisprudencia-TCESP-Marco_2021.pdf,03_jurisprudencia/tce_sp/contratacao_direta/fichas/tcesp-020833-989-20-5-b02-43751f07840a.md
tcesp-010895-989-19-2-b03-d84e3192621e,3,2021-04-01,TC-010895.989.19-2 | TC-010910.989.19-3 | TC-010917.989.19-6 | TC-016630.989.19-2,2021-04-06,Conselheiro Edgard Camargo Rodrigues,Não identificado no documento,13,nao-identificado,publicidade | responsabilização,contratacao direta | dispensa de licitacao,TCE-SP_BOLETINS/edicao-03_Boletim-Jurisprudencia-TCESP-Abril_2021.pdf,D84E3192621E43A1B78B78CC7CD58FF6D73ECFAC8349579682EA13BBBD7D5A31,https://www.tce.sp.gov.br/publicacoes/boletim-jurisprudencia-edicao-03-abril2021,https://www.tce.sp.gov.br/sites/default/files/publicacoes/Boletim-Jurisprudencia-TCESP-Abril_2021.pdf,03_jurisprudencia/tce_sp/contratacao_direta/fichas/tcesp-010895-989-19-2-b03-d84e3192621e.md
tcesp-016568-989-20-6-b03-d84e3192621e,3,2021-04-01,TC-016568.989.20-6 | TC-017948.989.20-7,2021-04-06,Conselheiro Renato Mar%ns Costa,Não identificado no documento,17 | 18,lei-8666,emergência | execução contratual | pandemia | pesquisa de preços,dispensa de licitacao,TCE-SP_BOLETINS/edicao-03_Boletim-Jurisprudencia-TCESP-Abril_2021.pdf,D84E3192621E43A1B78B78CC7CD58FF6D73ECFAC8349579682EA13BBBD7D5A31,https://www.tce.sp.gov.br/publicacoes/boletim-jurisprudencia-edicao-03-abril2021,https://www.tce.sp.gov.br/sites/default/files/publicacoes/Boletim-Jurisprudencia-TCESP-Abril_2021.pdf,03_jurisprudencia/tce_sp/contratacao_direta/fichas/tcesp-016568-989-20-6-b03-d84e3192621e.md
tcesp-007153-989-16-5-b04-97f5d3df6680,4,2021-05-01,TC-007153.989.16-5,2021-05-04,Conselheiro Edgard Camargo Rodrigues,PRIMEIRA CÂMARA,15 | 16,lei-8666,justificativa do preço,dispensa de licitacao,TCE-SP_BOLETINS/edicao-04_Boletim-Jurisprudencia-TCESP-Maio_2021.pdf,97F5D3DF6680B5E1D42ADB17E9BAC484DE1F5D1A5E0890590457E1E3CC392351,https://www.tce.sp.gov.br/publicacoes/boletim-jurisprudencia-edicao-04-maio2021,https://www.tce.sp.gov.br/sites/default/files/publicacoes/Boletim-Jurisprudencia-TCESP-Maio_2021.pdf,03_jurisprudencia/tce_sp/contratacao_direta/fichas/tcesp-007153-989-16-5-b04-97f5d3df6680.md
tcesp-016159-989-19-3-b04-97f5d3df6680,4,2021-05-01,TC-016159.989.19-3 | TC-16252.989.19-9 | TC-021824.989.19-8,2021-05-04,Conselheiro Antônio Roque Citadini,PRIMEIRA CÂMARA,15,lei-8666,emergência | responsabilização,dispensa de licitacao,TCE-SP_BOLETINS/edicao-04_Boletim-Jurisprudencia-TCESP-Maio_2021.pdf,97F5D3DF6680B5E1D42ADB17E9BAC484DE1F5D1A5E0890590457E1E3CC392351,https://www.tce.sp.gov.br/publicacoes/boletim-jurisprudencia-edicao-04-maio2021,https://www.tce.sp.gov.br/sites/default/files/publicacoes/Boletim-Jurisprudencia-TCESP-Maio_2021.pdf,03_jurisprudencia/tce_sp/contratacao_direta/fichas/tcesp-016159-989-19-3-b04-97f5d3df6680.md
tcesp-021310-989-20-7-b04-97f5d3df6680,4,2021-05-01,TC-021310.989.20-7,2021-05-05,Conselheiro Sidney Estanislau Beraldo,TRIBUNAL PLENO,11,lei-8666,,contratacao direta,TCE-SP_BOLETINS/edicao-04_Boletim-Jurisprudencia-TCESP-Maio_2021.pdf,97F5D3DF6680B5E1D42ADB17E9BAC484DE1F5D1A5E0890590457E1E3CC392351,https://www.tce.sp.gov.br/publicacoes/boletim-jurisprudencia-edicao-04-maio2021,https://www.tce.sp.gov.br/sites/default/files/publicacoes/Boletim-Jurisprudencia-TCESP-Maio_2021.pdf,03_jurisprudencia/tce_sp/contratacao_direta/fichas/tcesp-021310-989-20-7-b04-97f5d3df6680.md
tcesp-026273-989-20-2-b04-97f5d3df6680,4,2021-05-01,TC-026273.989.20-2,2021-05-05,Conselheiro Edgard Camargo Rodrigues,TRIBUNAL PLENO,10 | 11,lei-8666,execução contratual | responsabilização,dispensa de licitacao,TCE-SP_BOLETINS/edicao-04_Boletim-Jurisprudencia-TCESP-Maio_2021.pdf,97F5D3DF6680B5E1D42ADB17E9BAC484DE1F5D1A5E0890590457E1E3CC392351,https://www.tce.sp.gov.br/publicacoes/boletim-jurisprudencia-edicao-04-maio2021,https://www.tce.sp.gov.br/sites/default/files/publicacoes/Boletim-Jurisprudencia-TCESP-Maio_2021.pdf,03_jurisprudencia/tce_sp/contratacao_direta/fichas/tcesp-026273-989-20-2-b04-97f5d3df6680.md
tcesp-016061-989-17-4-b04-97f5d3df6680,4,2021-05-01,TC-016061.989.17-4 | TC-016832.989.17-2,2021-05-11,Conselheiro Edgard Camargo Rodrigues,PRIMEIRA CÂMARA,16 | 17,lei-8666,emergência | execução contratual | responsabilização | subcontratação,contratacao direta | dispensa de licitacao,TCE-SP_BOLETINS/edicao-04_Boletim-Jurisprudencia-TCESP-Maio_2021.pdf,97F5D3DF6680B5E1D42ADB17E9BAC484DE1F5D1A5E0890590457E1E3CC392351,https://www.tce.sp.gov.br/publicacoes/boletim-jurisprudencia-edicao-04-maio2021,https://www.tce.sp.gov.br/sites/default/files/publicacoes/Boletim-Jurisprudencia-TCESP-Maio_2021.pdf,03_jurisprudencia/tce_sp/contratacao_direta/fichas/tcesp-016061-989-17-4-b04-97f5d3df6680.md
tcesp-000434-989-21-6-b04-97f5d3df6680,4,2021-05-01,TC-000434.989.21-6,2021-05-12,Conselheiro Renato Mar%ns Costa,TRIBUNAL PLENO,11 | 12,lei-8666,responsabilização | subcontratação,dispensa de licitacao | dispensa licitatoria,TCE-SP_BOLETINS/edicao-04_Boletim-Jurisprudencia-TCESP-Maio_2021.pdf,97F5D3DF6680B5E1D42ADB17E9BAC484DE1F5D1A5E0890590457E1E3CC392351,https://www.tce.sp.gov.br/publicacoes/boletim-jurisprudencia-edicao-04-maio2021,https://www.tce.sp.gov.br/sites/default/files/publicacoes/Boletim-Jurisprudencia-TCESP-Maio_2021.pdf,03_jurisprudencia/tce_sp/contratacao_direta/fichas/tcesp-000434-989-21-6-b04-97f5d3df6680.md
tcesp-000948-989-21-5-b04-97f5d3df6680,4,2021-05-01,TC-000948.989.21-5 | TC-001654.989.21-9,2021-05-12,Conselheiro Dimas Ramalho,TRIBUNAL PLENO,12,nao-identificado,emergência,dispensa de licitacao,TCE-SP_BOLETINS/edicao-04_Boletim-Jurisprudencia-TCESP-Maio_2021.pdf,97F5D3DF6680B5E1D42ADB17E9BAC484DE1F5D1A5E0890590457E1E3CC392351,https://www.tce.sp.gov.br/publicacoes/boletim-jurisprudencia-edicao-04-maio2021,https://www.tce.sp.gov.br/sites/default/files/publicacoes/Boletim-Jurisprudencia-TCESP-Maio_2021.pdf,03_jurisprudencia/tce_sp/contratacao_direta/fichas/tcesp-000948-989-21-5-b04-97f5d3df6680.md
tcesp-008395-989-21-3-b04-97f5d3df6680,4,2021-05-01,TC-008395.989.21-3,2021-05-12,Conselheiro Dimas Ramalho,TRIBUNAL PLENO,12,nao-identificado,alimentação escolar,contratacao direta | dispensa de licitacao,TCE-SP_BOLETINS/edicao-04_Boletim-Jurisprudencia-TCESP-Maio_2021.pdf,97F5D3DF6680B5E1D42ADB17E9BAC484DE1F5D1A5E0890590457E1E3CC392351,https://www.tce.sp.gov.br/publicacoes/boletim-jurisprudencia-edicao-04-maio2021,https://www.tce.sp.gov.br/sites/default/files/publicacoes/Boletim-Jurisprudencia-TCESP-Maio_2021.pdf,03_jurisprudencia/tce_sp/contratacao_direta/fichas/tcesp-008395-989-21-3-b04-97f5d3df6680.md
tcesp-016781-989-20-7-b04-97f5d3df6680,4,2021-05-01,TC-016781.989.20-7 | TC-017151.989.20-9 | TC-017153.989.20-7 | TC-019447.989.20-3,2021-05-18,Conselheiro Antônio Roque Citadini,PRIMEIRA CÂMARA,17 | 18,lei-8666,emergência | execução contratual | responsabilização | saúde,dispensa de licitacao,TCE-SP_BOLETINS/edicao-04_Boletim-Jurisprudencia-TCESP-Maio_2021.pdf,97F5D3DF6680B5E1D42ADB17E9BAC484DE1F5D1A5E0890590457E1E3CC392351,https://www.tce.sp.gov.br/publicacoes/boletim-jurisprudencia-edicao-04-maio2021,https://www.tce.sp.gov.br/sites/default/files/publicacoes/Boletim-Jurisprudencia-TCESP-Maio_2021.pdf,03_jurisprudencia/tce_sp/contratacao_direta/fichas/tcesp-016781-989-20-7-b04-97f5d3df6680.md
tcesp-018563-989-20-1-b05-e9b8c925e77f,5,2021-06-01,TC-018563.989.20-1 | TC-019160.989.20-8,2021-06-01,Substituto de Conselheiro Antônio Carlos dos Santos,SEGUNDA CÂMARA,17,lei-13979,emergência | pandemia | pesquisa de preços | saúde,dispensa de licitacao | aquisicao direta emergencial,TCE-SP_BOLETINS/edicao-05_Boletim-Jurisprudencia-TCESP-Junho_2021.pdf,E9B8C925E77FB37B9F314212D6F8D6396194B7F0D47BF8B2C7B13F9A3A3A25B6,https://www.tce.sp.gov.br/publicacoes/boletim-jurisprudencia-edicao-05-junho2021,https://www.tce.sp.gov.br/sites/default/files/publicacoes/Boletim-Jurisprudencia-TCESP-Junho_2021.pdf,03_jurisprudencia/tce_sp/contratacao_direta/fichas/tcesp-018563-989-20-1-b05-e9b8c925e77f.md
tcesp-019467-989-18-2-b05-e9b8c925e77f,5,2021-06-01,TC-019467.989.18-2 | TC-019694.989.18-7,2021-06-01,Conselheiro Antônio Roque Citadini,PRIMEIRA CÂMARA,11 | 12,lei-8666,escolha do fornecedor,dispensa de licitacao,TCE-SP_BOLETINS/edicao-05_Boletim-Jurisprudencia-TCESP-Junho_2021.pdf,E9B8C925E77FB37B9F314212D6F8D6396194B7F0D47BF8B2C7B13F9A3A3A25B6,https://www.tce.sp.gov.br/publicacoes/boletim-jurisprudencia-edicao-05-junho2021,https://www.tce.sp.gov.br/sites/default/files/publicacoes/Boletim-Jurisprudencia-TCESP-Junho_2021.pdf,03_jurisprudencia/tce_sp/contratacao_direta/fichas/tcesp-019467-989-18-2-b05-e9b8c925e77f.md
tcesp-025488-989-20-3-b05-e9b8c925e77f,5,2021-06-01,TC-025488.989.20-3 | TC-025580.989.20-0,2021-06-02,Conselheiro Sidney Estanislau Beraldo,TRIBUNAL PLENO,8,nao-identificado,emergência | execução contratual | pesquisa de preços | planejamento | responsabilização,dispensa de licitacao,TCE-SP_BOLETINS/edicao-05_Boletim-Jurisprudencia-TCESP-Junho_2021.pdf,E9B8C925E77FB37B9F314212D6F8D6396194B7F0D47BF8B2C7B13F9A3A3A25B6,https://www.tce.sp.gov.br/publicacoes/boletim-jurisprudencia-edicao-05-junho2021,https://www.tce.sp.gov.br/sites/default/files/publicacoes/Boletim-Jurisprudencia-TCESP-Junho_2021.pdf,03_jurisprudencia/tce_sp/contratacao_direta/fichas/tcesp-025488-989-20-3-b05-e9b8c925e77f.md
tcesp-018689-989-20-0-b05-e9b8c925e77f,5,2021-06-01,TC-018689.989.20-0 | TC-019141.989.20-2,2021-06-08,Substituto de Conselheiro Antônio Carlos dos Santos,SEGUNDA CÂMARA,18,lei-8666,escolha do fornecedor | justificativa do preço | pandemia | responsabilização | saúde,dispensa de licitacao,TCE-SP_BOLETINS/edicao-05_Boletim-Jurisprudencia-TCESP-Junho_2021.pdf,E9B8C925E77FB37B9F314212D6F8D6396194B7F0D47BF8B2C7B13F9A3A3A25B6,https://www.tce.sp.gov.br/publicacoes/boletim-jurisprudencia-edicao-05-junho2021,https://www.tce.sp.gov.br/sites/default/files/publicacoes/Boletim-Jurisprudencia-TCESP-Junho_2021.pdf,03_jurisprudencia/tce_sp/contratacao_direta/fichas/tcesp-018689-989-20-0-b05-e9b8c925e77f.md
tcesp-001784-989-16-2-b05-e9b8c925e77f,5,2021-06-01,TC-001784.989.16-2,2021-06-15,Conselheiro Edgard Camargo Rodrigues,PRIMEIRA CÂMARA,14,nao-identificado,pesquisa de preços,contratacao direta,TCE-SP_BOLETINS/edicao-05_Boletim-Jurisprudencia-TCESP-Junho_2021.pdf,E9B8C925E77FB37B9F314212D6F8D6396194B7F0D47BF8B2C7B13F9A3A3A25B6,https://www.tce.sp.gov.br/publicacoes/boletim-jurisprudencia-edicao-05-junho2021,https://www.tce.sp.gov.br/sites/default/files/publicacoes/Boletim-Jurisprudencia-TCESP-Junho_2021.pdf,03_jurisprudencia/tce_sp/contratacao_direta/fichas/tcesp-001784-989-16-2-b05-e9b8c925e77f.md
tcesp-012854-989-16-7-b05-e9b8c925e77f,5,2021-06-01,TC-012854.989.16-7 | TC-015268.989.16-7 | TC-015513.989.16-0 | TC-006558.989.17-4,2021-06-15,Conselheiro Dimas Ramalho,SEGUNDA CÂMARA,18,nao-identificado,emergência | escolha do fornecedor | execução contratual | pesquisa de preços | responsabilização,dispensa de licitacao,TCE-SP_BOLETINS/edicao-05_Boletim-Jurisprudencia-TCESP-Junho_2021.pdf,E9B8C925E77FB37B9F314212D6F8D6396194B7F0D47BF8B2C7B13F9A3A3A25B6,https://www.tce.sp.gov.br/publicacoes/boletim-jurisprudencia-edicao-05-junho2021,https://www.tce.sp.gov.br/sites/default/files/publicacoes/Boletim-Jurisprudencia-TCESP-Junho_2021.pdf,03_jurisprudencia/tce_sp/contratacao_direta/fichas/tcesp-012854-989-16-7-b05-e9b8c925e77f.md
tcesp-019131-989-20-4-b05-e9b8c925e77f,5,2021-06-01,TC-019131.989.20-4 | TC-022266.989.20-1,2021-06-15,Substituto de Conselheiro Antônio Carlos dos Santos,SEGUNDA CÂMARA,19,lei-8666,emergência | execução contratual | fiscalização | planejamento | saúde,dispensa de licitacao,TCE-SP_BOLETINS/edicao-05_Boletim-Jurisprudencia-TCESP-Junho_2021.pdf,E9B8C925E77FB37B9F314212D6F8D6396194B7F0D47BF8B2C7B13F9A3A3A25B6,https://www.tce.sp.gov.br/publicacoes/boletim-jurisprudencia-edicao-05-junho2021,https://www.tce.sp.gov.br/sites/default/files/publicacoes/Boletim-Jurisprudencia-TCESP-Junho_2021.pdf,03_jurisprudencia/tce_sp/contratacao_direta/fichas/tcesp-019131-989-20-4-b05-e9b8c925e77f.md
tcesp-000458-989-20-9-b05-e9b8c925e77f,5,2021-06-01,TC-000458.989.20-9 | TC-001600.989.20-6 | TC-019268.989.20-9,2021-06-22,Conselheiro Antônio Roque Citadini,PRIMEIRA CÂMARA,14,lei-8666,execução contratual | fiscalização | responsabilização | resíduos e limpeza urbana,dispensa de licitacao | dispensa licitatoria,TCE-SP_BOLETINS/edicao-05_Boletim-Jurisprudencia-TCESP-Junho_2021.pdf,E9B8C925E77FB37B9F314212D6F8D6396194B7F0D47BF8B2C7B13F9A3A3A25B6,https://www.tce.sp.gov.br/publicacoes/boletim-jurisprudencia-edicao-05-junho2021,https://www.tce.sp.gov.br/sites/default/files/publicacoes/Boletim-Jurisprudencia-TCESP-Junho_2021.pdf,03_jurisprudencia/tce_sp/contratacao_direta/fichas/tcesp-000458-989-20-9-b05-e9b8c925e77f.md
tcesp-003208-989-14-5-b05-e9b8c925e77f,5,2021-06-01,TC-003208.989.14-5 | TC-011322.989.16-1 | TC-011324.989.16-9 | TC-005541.989.17-4 | TC-000551.989.14-8,2021-06-29,Conselheiro Edgard Camargo Rodrigues,PRIMEIRA CÂMARA,15 | 16,nao-identificado,planejamento | publicidade | saúde | terceiro setor,dispensa de licitacao,TCE-SP_BOLETINS/edicao-05_Boletim-Jurisprudencia-TCESP-Junho_2021.pdf,E9B8C925E77FB37B9F314212D6F8D6396194B7F0D47BF8B2C7B13F9A3A3A25B6,https://www.tce.sp.gov.br/publicacoes/boletim-jurisprudencia-edicao-05-junho2021,https://www.tce.sp.gov.br/sites/default/files/publicacoes/Boletim-Jurisprudencia-TCESP-Junho_2021.pdf,03_jurisprudencia/tce_sp/contratacao_direta/fichas/tcesp-003208-989-14-5-b05-e9b8c925e77f.md
tcesp-008079-989-17-4-b06-dce4aa5e8c3a,6,2021-07-01,TC-008079.989.17-4 | TC-008641.989.17-3 | TC-013612.989.17-8 | TC-018298.989.18-7 | TC-020226.989.19-2,2021-07-06,Conselheiro Sidney Estanislau Beraldo,PRIMEIRA CÂMARA,13,nao-identificado,alimentação escolar,dispensa de licitacao,TCE-SP_BOLETINS/edicao-06_Boletim-Jurisprudencia-TCESP-Julho_2021.pdf,DCE4AA5E8C3AFCF05750731F3A40393D200146FCA209CA616E39442E0E8FE963,https://www.tce.sp.gov.br/publicacoes/boletim-jurisprudencia-edicao-06-julho2021,https://www.tce.sp.gov.br/sites/default/files/publicacoes/Boletim-Jurisprudencia-TCESP-Julho_2021.pdf,03_jurisprudencia/tce_sp/contratacao_direta/fichas/tcesp-008079-989-17-4-b06-dce4aa5e8c3a.md
tcesp-007153-989-21-5-b06-dce4aa5e8c3a,6,2021-07-01,TC-007153.989.21-5,2021-07-13,Conselheiro Edgard Camargo Rodrigues,PRIMEIRA CÂMARA,13 | 14,nao-identificado,emergência | planejamento,dispensa de licitacao,TCE-SP_BOLETINS/edicao-06_Boletim-Jurisprudencia-TCESP-Julho_2021.pdf,DCE4AA5E8C3AFCF05750731F3A40393D200146FCA209CA616E39442E0E8FE963,https://www.tce.sp.gov.br/publicacoes/boletim-jurisprudencia-edicao-06-julho2021,https://www.tce.sp.gov.br/sites/default/files/publicacoes/Boletim-Jurisprudencia-TCESP-Julho_2021.pdf,03_jurisprudencia/tce_sp/contratacao_direta/fichas/tcesp-007153-989-21-5-b06-dce4aa5e8c3a.md
tcesp-027625-989-20-7-b06-dce4aa5e8c3a,6,2021-07-01,TC-027625.989.20-7 | TC-001357.989.21-9 | TC-00177.989.21-6,2021-07-13,Substituto de Conselheiro Antônio Carlos dos Santos,SEGUNDA CÂMARA,14 | 15,lei-13979,escolha do fornecedor | execução contratual | pandemia | pesquisa de preços,contratacao direta | dispensa de licitacao,TCE-SP_BOLETINS/edicao-06_Boletim-Jurisprudencia-TCESP-Julho_2021.pdf,DCE4AA5E8C3AFCF05750731F3A40393D200146FCA209CA616E39442E0E8FE963,https://www.tce.sp.gov.br/publicacoes/boletim-jurisprudencia-edicao-06-julho2021,https://www.tce.sp.gov.br/sites/default/files/publicacoes/Boletim-Jurisprudencia-TCESP-Julho_2021.pdf,03_jurisprudencia/tce_sp/contratacao_direta/fichas/tcesp-027625-989-20-7-b06-dce4aa5e8c3a.md
tcesp-024525-026-12-b07-53ca4a55c46f,7,2021-08-01,TC-024525/026/12,2021-08-04,Substituto de Conselheiro Valdenir Antônio Polizeli,TRIBUNAL PLENO,8,lei-8666,escolha do fornecedor | pesquisa de preços | planejamento,contratacao direta | dispensa de licitacao,TCE-SP_BOLETINS/edicao-07_Boletim-Jurisprudencia-TCESP-Agosto_2021.pdf,53CA4A55C46F51D6EE02C55084F1EBA19787BA5A85E8F01EA86B0149F2B9C0B1,https://www.tce.sp.gov.br/publicacoes/boletim-jurisprudencia-edicao-07-agosto2021,https://www.tce.sp.gov.br/sites/default/files/publicacoes/Boletim-Jurisprudencia-TCESP-Agosto_2021.pdf,03_jurisprudencia/tce_sp/contratacao_direta/fichas/tcesp-024525-026-12-b07-53ca4a55c46f.md
tcesp-023374-989-20-0-b07-53ca4a55c46f,7,2021-08-01,TC-023374.989.20-0,2021-08-24,Substituto de Conselheiro Valdenir Antônio Polizeli,SEGUNDA CÂMARA,13,nao-identificado,resíduos e limpeza urbana | saúde,dispensa de licitacao,TCE-SP_BOLETINS/edicao-07_Boletim-Jurisprudencia-TCESP-Agosto_2021.pdf,53CA4A55C46F51D6EE02C55084F1EBA19787BA5A85E8F01EA86B0149F2B9C0B1,https://www.tce.sp.gov.br/publicacoes/boletim-jurisprudencia-edicao-07-agosto2021,https://www.tce.sp.gov.br/sites/default/files/publicacoes/Boletim-Jurisprudencia-TCESP-Agosto_2021.pdf,03_jurisprudencia/tce_sp/contratacao_direta/fichas/tcesp-023374-989-20-0-b07-53ca4a55c46f.md
tcesp-500-012-13-b08-a40508569092,8,2021-09-01,TC-500/012/13 | TC-924/005/13 | TC-1227/005/14 | TC-800240/100/03 | TC-012726.989.21-3,2021-09-29,Conselheiro Dimas Ramalho,TRIBUNAL PLENO,9,lei-8666,,contratacao direta | dispensa de licitacao,TCE-SP_BOLETINS/edicao-08_Boletim-Jurisprudencia-TCESP-Setembro_2021.pdf,A40508569092B4F3EA14AC1FD063847E3E2AF89422808389E34E25405C839E99,https://www.tce.sp.gov.br/publicacoes/boletim-jurisprudencia-edicao-08-setembro2021,https://www.tce.sp.gov.br/sites/default/files/publicacoes/Boletim-Jurisprudencia-TCESP-Setembro_2021.pdf,03_jurisprudencia/tce_sp/contratacao_direta/fichas/tcesp-500-012-13-b08-a40508569092.md
tcesp-020748-989-19-1-b09-903b8b09aba6,9,2021-10-01,TC-020748.989.19-1 | TC-020749.989.19-0 | TC-020764.989.19-0 | TC-020770.989.19-2 | TC-020780.989.19-0 | TC-020783.989.19-7 | TC-020784.989.19-6 | TC-020788.989.19-2 | TC-021096.989.19-9 | TC-021097.989.19-8 | TC-021098.989.19-7 | TC-008441.989.18-3,2021-10-19,Conselheiro Edgard Camargo Rodrigues,PRIMEIRA CÂMARA,11 | 12,lei-8666,,contratacao direta | dispensa de licitacao | dispensa licitatoria,TCE-SP_BOLETINS/edicao-09_Boletim-Jurisprudencia-TCESP-Outubro_2021.pdf,903B8B09ABA6A1C460573E2910843036CED66A6F3A263DDE4BB62571938993D6,https://www.tce.sp.gov.br/publicacoes/boletim-jurisprudencia-edicao-09-outubro2021,https://www.tce.sp.gov.br/sites/default/files/publicacoes/Boletim-Jurisprudencia-TCESP-Outubro_2021.pdf,03_jurisprudencia/tce_sp/contratacao_direta/fichas/tcesp-020748-989-19-1-b09-903b8b09aba6.md
tcesp-027202-989-20-8-b09-903b8b09aba6,9,2021-10-01,TC-027202.989.20-8 | TC-027223.989.20-3,2021-10-20,Conselheiro Antônio Roque Citadini,TRIBUNAL PLENO,9,lei-8666,emergência | justificativa do preço | resíduos e limpeza urbana,dispensa de licitacao,TCE-SP_BOLETINS/edicao-09_Boletim-Jurisprudencia-TCESP-Outubro_2021.pdf,903B8B09ABA6A1C460573E2910843036CED66A6F3A263DDE4BB62571938993D6,https://www.tce.sp.gov.br/publicacoes/boletim-jurisprudencia-edicao-09-outubro2021,https://www.tce.sp.gov.br/sites/default/files/publicacoes/Boletim-Jurisprudencia-TCESP-Outubro_2021.pdf,03_jurisprudencia/tce_sp/contratacao_direta/fichas/tcesp-027202-989-20-8-b09-903b8b09aba6.md
tcesp-015817-989-21-3-b10-44f7bc6ad6c4,10,2021-11-01,TC-015817.989.21-3,2021-11-10,Conselheiro Renato Martins Costa,TRIBUNAL PLENO,7,lei-8666,,contratacao direta | dispensa de licitacao,TCE-SP_BOLETINS/edicao-10_Boletim-Jurisprudencia-TCESP-Novembro_2021.pdf,44F7BC6AD6C4352EFCE53F634FC54940E5BF1DB0531966540BB6058F67CC8251,https://www.tce.sp.gov.br/publicacoes/boletim-jurisprudencia-edicao-10-novembro2021,https://www.tce.sp.gov.br/sites/default/files/publicacoes/Boletim-Jurisprudencia-TCESP-Novembro_2021.pdf,03_jurisprudencia/tce_sp/contratacao_direta/fichas/tcesp-015817-989-21-3-b10-44f7bc6ad6c4.md
tcesp-016697-989-21-8-b10-44f7bc6ad6c4,10,2021-11-01,TC-016697.989.21-8 | TC-016838.989.21-8 | TC-016957.989.21-3,2021-11-17,Conselheiro Edgard Camargo Rodrigues,TRIBUNAL PLENO,8,nao-identificado,execução contratual | pesquisa de preços,dispensa de licitacao,TCE-SP_BOLETINS/edicao-10_Boletim-Jurisprudencia-TCESP-Novembro_2021.pdf,44F7BC6AD6C4352EFCE53F634FC54940E5BF1DB0531966540BB6058F67CC8251,https://www.tce.sp.gov.br/publicacoes/boletim-jurisprudencia-edicao-10-novembro2021,https://www.tce.sp.gov.br/sites/default/files/publicacoes/Boletim-Jurisprudencia-TCESP-Novembro_2021.pdf,03_jurisprudencia/tce_sp/contratacao_direta/fichas/tcesp-016697-989-21-8-b10-44f7bc6ad6c4.md
tcesp-008466-989-20-9-b10-44f7bc6ad6c4,10,2021-11-01,TC-008466.989.20-9 | TC-008651.989.20-4 | TC-008653.989.20-2 | TC-008655.989.20-0 | TC-016006.989.21-4 | TC-016788.989.21-8 | TC-016789.989.21-7 | TC-016790.989.21-4 | TC-016791.989.21-3,2021-11-23,Conselheiro Renato Martins Costa,SEGUNDA CÂMARA,12,lei-8666,,dispensa de licitacao | dispensa licitatoria,TCE-SP_BOLETINS/edicao-10_Boletim-Jurisprudencia-TCESP-Novembro_2021.pdf,44F7BC6AD6C4352EFCE53F634FC54940E5BF1DB0531966540BB6058F67CC8251,https://www.tce.sp.gov.br/publicacoes/boletim-jurisprudencia-edicao-10-novembro2021,https://www.tce.sp.gov.br/sites/default/files/publicacoes/Boletim-Jurisprudencia-TCESP-Novembro_2021.pdf,03_jurisprudencia/tce_sp/contratacao_direta/fichas/tcesp-008466-989-20-9-b10-44f7bc6ad6c4.md
tcesp-011293-989-17-4-b11-f3266299e456,11,2022-03-26,TC-011293.989.17-4,2022-02-08,Conselheiro Antonio Roque Citadini,PRIMEIRA CÂMARA,18,lei-8666,execução contratual | publicidade | resíduos e limpeza urbana,dispensa de licitacao | dispensa licitatoria,TCE-SP_BOLETINS/edicao-11_Boletim-Jurisprudencia-TCESP-Fevereiro_2022.pdf,F3266299E456C1B652C29BB6F09B32CB835EF6E2240E37CE3D0C92F2600DE6EC,https://www.tce.sp.gov.br/publicacoes/boletim-jurisprudencia-edicao-11-fevereiro2022,https://www.tce.sp.gov.br/sites/default/files/publicacoes/Boletim-Jurisprudencia-TCESP-Fevereiro_2022.pdf,03_jurisprudencia/tce_sp/contratacao_direta/fichas/tcesp-011293-989-17-4-b11-f3266299e456.md
tcesp-012839-989-21-7-b11-f3266299e456,11,2022-03-26,TC-012839.989.21-7,2022-02-15,Conselheiro Sidney Estanislau Beraldo,PRIMEIRA CÂMARA,18,lei-8666+lei-13979,emergência | justificativa do preço | pandemia | saúde,dispensa de licitacao,TCE-SP_BOLETINS/edicao-11_Boletim-Jurisprudencia-TCESP-Fevereiro_2022.pdf,F3266299E456C1B652C29BB6F09B32CB835EF6E2240E37CE3D0C92F2600DE6EC,https://www.tce.sp.gov.br/publicacoes/boletim-jurisprudencia-edicao-11-fevereiro2022,https://www.tce.sp.gov.br/sites/default/files/publicacoes/Boletim-Jurisprudencia-TCESP-Fevereiro_2022.pdf,03_jurisprudencia/tce_sp/contratacao_direta/fichas/tcesp-012839-989-21-7-b11-f3266299e456.md
tcesp-016895-989-21-8-b11-f3266299e456,11,2022-03-26,TC-016895.989.21-8,2022-02-16,Conselheiro Renato Martins Costa,TRIBUNAL PLENO,16,lei-8666,alimentação escolar | emergência,contratacao direta | dispensa de licitacao,TCE-SP_BOLETINS/edicao-11_Boletim-Jurisprudencia-TCESP-Fevereiro_2022.pdf,F3266299E456C1B652C29BB6F09B32CB835EF6E2240E37CE3D0C92F2600DE6EC,https://www.tce.sp.gov.br/publicacoes/boletim-jurisprudencia-edicao-11-fevereiro2022,https://www.tce.sp.gov.br/sites/default/files/publicacoes/Boletim-Jurisprudencia-TCESP-Fevereiro_2022.pdf,03_jurisprudencia/tce_sp/contratacao_direta/fichas/tcesp-016895-989-21-8-b11-f3266299e456.md
tcesp-016974-989-21-2-b11-f3266299e456,11,2022-03-26,TC-016974.989.21-2,2022-02-16,Conselheiro Sidney Estanislau Beraldo,TRIBUNAL PLENO,17 | 18,nao-identificado,emergência | pesquisa de preços,dispensa de licitacao,TCE-SP_BOLETINS/edicao-11_Boletim-Jurisprudencia-TCESP-Fevereiro_2022.pdf,F3266299E456C1B652C29BB6F09B32CB835EF6E2240E37CE3D0C92F2600DE6EC,https://www.tce.sp.gov.br/publicacoes/boletim-jurisprudencia-edicao-11-fevereiro2022,https://www.tce.sp.gov.br/sites/default/files/publicacoes/Boletim-Jurisprudencia-TCESP-Fevereiro_2022.pdf,03_jurisprudencia/tce_sp/contratacao_direta/fichas/tcesp-016974-989-21-2-b11-f3266299e456.md
tcesp-020409-989-21-7-b11-f3266299e456,11,2022-03-26,TC-020409.989.21-7,2022-02-23,Conselheiro Edgard Camargo Rodrigues,TRIBUNAL PLENO,15,nao-identificado,alimentação escolar | emergência,dispensa de licitacao,TCE-SP_BOLETINS/edicao-11_Boletim-Jurisprudencia-TCESP-Fevereiro_2022.pdf,F3266299E456C1B652C29BB6F09B32CB835EF6E2240E37CE3D0C92F2600DE6EC,https://www.tce.sp.gov.br/publicacoes/boletim-jurisprudencia-edicao-11-fevereiro2022,https://www.tce.sp.gov.br/sites/default/files/publicacoes/Boletim-Jurisprudencia-TCESP-Fevereiro_2022.pdf,03_jurisprudencia/tce_sp/contratacao_direta/fichas/tcesp-020409-989-21-7-b11-f3266299e456.md
tcesp-024806-989-18-2-b12-68e09bf62439,12,2022-05-12,TC-024806.989.18-2,2022-03-22,Conselheiro Renato Martins Costa,SEGUNDA CÂMARA,14,nao-identificado,alimentação escolar,dispensa de licitacao | dispensa licitatoria,TCE-SP_BOLETINS/edicao-12_Boletim-Jurisprudencia-TCESP-Mar_o_2022_1.pdf,68E09BF62439E5D6D1FFB2D1127CBD05FD281E339711469453F2D2018F399024,https://www.tce.sp.gov.br/publicacoes/boletim-jurisprudencia-edicao-12-marco2022,https://www.tce.sp.gov.br/sites/default/files/publicacoes/Boletim-Jurisprudencia-TCESP-Mar%C3%A7o_2022_1.pdf,03_jurisprudencia/tce_sp/contratacao_direta/fichas/tcesp-024806-989-18-2-b12-68e09bf62439.md
tcesp-021143-989-21-8-b13-ec734d47bf15,13,2022-06-06,TC-021143.989.21-8,2022-04-13,Conselheiro Edgard Camargo Rodrigues,TRIBUNAL PLENO,12,lei-8666,emergência | pandemia | resíduos e limpeza urbana | saúde,dispensa de licitacao,TCE-SP_BOLETINS/edicao-13_Boletim-Jurisprudencia-TCESP-Abril_2022_0.pdf,EC734D47BF15696DDFA74C3C1B8CF177684ABC6C0C3F60B5FB5AD9A969117EEA,https://www.tce.sp.gov.br/publicacoes/boletim-jurisprudencia-edicao-13-abril2022,https://www.tce.sp.gov.br/sites/default/files/publicacoes/Boletim-Jurisprudencia-TCESP-Abril_2022_0.pdf,03_jurisprudencia/tce_sp/contratacao_direta/fichas/tcesp-021143-989-21-8-b13-ec734d47bf15.md
tcesp-021590-989-21-6-b14-c8a482d51b00,14,2022-07-11,TC-021590.989.21-6,2022-05-11,Conselheiro Sidney Estanislau Beraldo,TRIBUNAL PLENO,14,nao-identificado,,dispensa de licitacao,TCE-SP_BOLETINS/edicao-14_Boletim-Jurisprudencia-TCESP-Maio_2022.pdf,C8A482D51B00BBCFFF1637B75208571DEF2162DC84C8FD429CA10AFCEE432296,https://www.tce.sp.gov.br/publicacoes/boletim-jurisprudencia-edicao-14-maio2022,https://www.tce.sp.gov.br/sites/default/files/publicacoes/Boletim-Jurisprudencia-TCESP-Maio_2022.pdf,03_jurisprudencia/tce_sp/contratacao_direta/fichas/tcesp-021590-989-21-6-b14-c8a482d51b00.md
tcesp-021215-989-21-1-b14-c8a482d51b00,14,2022-07-11,TC-021215.989.21-1,2022-05-18,Conselheiro Renato Martins Costa,TRIBUNAL PLENO,13,nao-identificado,pesquisa de preços | planejamento,contratacao direta | dispensa de licitacao,TCE-SP_BOLETINS/edicao-14_Boletim-Jurisprudencia-TCESP-Maio_2022.pdf,C8A482D51B00BBCFFF1637B75208571DEF2162DC84C8FD429CA10AFCEE432296,https://www.tce.sp.gov.br/publicacoes/boletim-jurisprudencia-edicao-14-maio2022,https://www.tce.sp.gov.br/sites/default/files/publicacoes/Boletim-Jurisprudencia-TCESP-Maio_2022.pdf,03_jurisprudencia/tce_sp/contratacao_direta/fichas/tcesp-021215-989-21-1-b14-c8a482d51b00.md
tcesp-011738-989-17-7-b15-1a8dc2858c99,15,2022-08-15,TC-011738.989.17-7,2022-06-28,Conselheira Cristiana de Castro Moraes,SEGUNDA CÂMARA,18,lei-8666,emergência | execução contratual | planejamento,dispensa de licitacao,TCE-SP_BOLETINS/edicao-15_Boletim-Jurisprudencia-TCESP-Junho_2022.pdf,1A8DC2858C99BD6436E67EE31404EC75EA71B285CE5749129C7EBDF590CBED52,https://www.tce.sp.gov.br/publicacoes/boletim-jurisprudencia-edicao-15-junho2022,https://www.tce.sp.gov.br/sites/default/files/publicacoes/Boletim-Jurisprudencia-TCESP-Junho_2022.pdf,03_jurisprudencia/tce_sp/contratacao_direta/fichas/tcesp-011738-989-17-7-b15-1a8dc2858c99.md
tcesp-016591-989-21-5-b16-a08eb68491ee,16,2022-09-12,TC-016591.989.21-5,2022-07-26,Conselheiro Sidney Estanislau Beraldo,PRIMEIRA CÂMARA,15,nao-identificado,emergência | pandemia | planejamento | responsabilização,dispensa de licitacao,TCE-SP_BOLETINS/edicao-16_Boletim-Jurisprudencia-TCESP-Julho_2022.pdf,A08EB68491EEF3F850C11716F0794B2763C9DD68DA3F4ABEB012811130944852,https://www.tce.sp.gov.br/publicacoes/boletim-jurisprudencia-edicao-16-julho2022,https://www.tce.sp.gov.br/sites/default/files/publicacoes/Boletim-Jurisprudencia-TCESP-Julho_2022.pdf,03_jurisprudencia/tce_sp/contratacao_direta/fichas/tcesp-016591-989-21-5-b16-a08eb68491ee.md
tcesp-013585-989-21-3-b16-a08eb68491ee,16,2022-09-12,TC-013585.989.21-3,2022-07-27,Conselheiro Renato Martins Costa,TRIBUNAL PLENO,11,nao-identificado,emergência | pesquisa de preços,dispensa de licitacao,TCE-SP_BOLETINS/edicao-16_Boletim-Jurisprudencia-TCESP-Julho_2022.pdf,A08EB68491EEF3F850C11716F0794B2763C9DD68DA3F4ABEB012811130944852,https://www.tce.sp.gov.br/publicacoes/boletim-jurisprudencia-edicao-16-julho2022,https://www.tce.sp.gov.br/sites/default/files/publicacoes/Boletim-Jurisprudencia-TCESP-Julho_2022.pdf,03_jurisprudencia/tce_sp/contratacao_direta/fichas/tcesp-013585-989-21-3-b16-a08eb68491ee.md
tcesp-009615-989-21-7-b17-1255fc05cce4,17,2022-10-06,TC-009615.989.21-7,2022-08-16,Conselheiro Edgard Camargo Rodrigues,PRIMEIRA CÂMARA,17 | 18,lei-8666,execução contratual | planejamento | publicidade,contratacao direta | dispensa de licitacao,TCE-SP_BOLETINS/edicao-17_Boletim-Jurisprudencia-TCESP-Agosto_2022.pdf,1255FC05CCE4D11AAEF9CABCF7AEBD4859CEA53F4913CCFD60510F78A66A7A0C,https://www.tce.sp.gov.br/publicacoes/boletim-jurisprudencia-edicao-17-agosto2022,https://www.tce.sp.gov.br/sites/default/files/publicacoes/Boletim-Jurisprudencia-TCESP-Agosto_2022.pdf,03_jurisprudencia/tce_sp/contratacao_direta/fichas/tcesp-009615-989-21-7-b17-1255fc05cce4.md
tcesp-015427-989-20-7-b17-1255fc05cce4,17,2022-10-06,TC-015427.989.20-7,2022-08-16,Conselheiro Antonio Roque Citadini,PRIMEIRA CÂMARA,16,lei-8666+lei-13979,emergência | execução contratual | pandemia,dispensa de licitacao | dispensa licitatoria,TCE-SP_BOLETINS/edicao-17_Boletim-Jurisprudencia-TCESP-Agosto_2022.pdf,1255FC05CCE4D11AAEF9CABCF7AEBD4859CEA53F4913CCFD60510F78A66A7A0C,https://www.tce.sp.gov.br/publicacoes/boletim-jurisprudencia-edicao-17-agosto2022,https://www.tce.sp.gov.br/sites/default/files/publicacoes/Boletim-Jurisprudencia-TCESP-Agosto_2022.pdf,03_jurisprudencia/tce_sp/contratacao_direta/fichas/tcesp-015427-989-20-7-b17-1255fc05cce4.md
tcesp-020709-989-21-4-b18-a126715c1117,18,2022-11-11,TC-020709.989.21-4,2022-09-28,Conselheira Cristiana de Castro Moraes,TRIBUNAL PLENO,16,lei-8666,publicidade,dispensa de licitacao,TCE-SP_BOLETINS/edicao-18_Boletim-Jurisprudencia-TCESP-Setembro_2022.pdf,A126715C11171242917DB08F80EF2E0057AA156FB043C05234FD86D3AA4CACF2,https://www.tce.sp.gov.br/publicacoes/boletim-jurisprudencia-edicao-18-setembro2022,https://www.tce.sp.gov.br/sites/default/files/publicacoes/Boletim-Jurisprudencia-TCESP-Setembro_2022.pdf,03_jurisprudencia/tce_sp/contratacao_direta/fichas/tcesp-020709-989-21-4-b18-a126715c1117.md
tcesp-035734-026-14-b20-ee7c2d9654a3,20,2023-02-28,TC-035734/026/14,2022-11-09,Conselheiro Renato Martins Costa,TRIBUNAL PLENO,14,nao-identificado,emergência,dispensa de licitacao,TCE-SP_BOLETINS/edicao-20_Boletim-Jurisprudencia-TCESP-Novembro_Dezembro_2022.pdf,EE7C2D9654A39C8DA16FEBE1526380B965E267BAC2EF537422DC29E86AB136D8,https://www.tce.sp.gov.br/publicacoes/boletim-jurisprudencia-edicao-20-novembro-dezembro2022,https://www.tce.sp.gov.br/sites/default/files/publicacoes/Boletim-Jurisprudencia-TCESP-Novembro_Dezembro_2022.pdf,03_jurisprudencia/tce_sp/contratacao_direta/fichas/tcesp-035734-026-14-b20-ee7c2d9654a3.md
tcesp-022838-989-21-8-b21-1986efa3fe67,21,2023-04-24,TC-022838.989.21-8,2023-02-08,Conselheiro Antônio Roque Citadini,TRIBUNAL PLENO,12,nao-identificado,emergência | execução contratual | planejamento,contratacao direta | dispensa de licitacao,TCE-SP_BOLETINS/edicao-21_Boletim-Jurisprudencia-TCESP-Fevereiro_2023.pdf,1986EFA3FE67EE26A32A09C26F0D56ACEE0F43372CDC92778DBCA8594C851742,https://www.tce.sp.gov.br/publicacoes/boletim-jurisprudencia-edicao-21-fevereiro2023,https://www.tce.sp.gov.br/sites/default/files/publicacoes/Boletim-Jurisprudencia-TCESP-Fevereiro_2023.pdf,03_jurisprudencia/tce_sp/contratacao_direta/fichas/tcesp-022838-989-21-8-b21-1986efa3fe67.md
tcesp-006197-989-22-1-b21-1986efa3fe67,21,2023-04-24,TC-006197.989.22-1,2023-02-28,Conselheira Cristiana de Castro Moraes,SEGUNDA CÂMARA,23,lei-8666,emergência | planejamento,dispensa de licitacao,TCE-SP_BOLETINS/edicao-21_Boletim-Jurisprudencia-TCESP-Fevereiro_2023.pdf,1986EFA3FE67EE26A32A09C26F0D56ACEE0F43372CDC92778DBCA8594C851742,https://www.tce.sp.gov.br/publicacoes/boletim-jurisprudencia-edicao-21-fevereiro2023,https://www.tce.sp.gov.br/sites/default/files/publicacoes/Boletim-Jurisprudencia-TCESP-Fevereiro_2023.pdf,03_jurisprudencia/tce_sp/contratacao_direta/fichas/tcesp-006197-989-22-1-b21-1986efa3fe67.md
tcesp-022918-989-22-9-b22-cce7598cbe91,22,2023-05-12,TC-022918.989.22-9,2023-03-08,Conselheiro Dimas Ramalho,TRIBUNAL PLENO,17 | 18,nao-identificado,execução contratual | fiscalização,dispensa de licitacao,TCE-SP_BOLETINS/edicao-22_Boletim-Jurisprudencia-TCESP-Mar_o_2023.pdf,CCE7598CBE918AAA86666D75DA3365811FE4FFF524367CE093DDBCCB5A0A1A34,https://www.tce.sp.gov.br/publicacoes/boletim-jurisprudencia-edicao-22-marco2023,https://www.tce.sp.gov.br/sites/default/files/publicacoes/Boletim-Jurisprudencia-TCESP-Mar%C3%A7o_2023.pdf,03_jurisprudencia/tce_sp/contratacao_direta/fichas/tcesp-022918-989-22-9-b22-cce7598cbe91.md
tcesp-01252-989-23-1-b23-77ad046c0e0b,23,2023-06-16,TC-01252.989.23-1,2023-04-05,Conselheira Cristiana de Castro Moraes,TRIBUNAL PLENO,16,nao-identificado,emergência | pandemia | planejamento | resíduos e limpeza urbana,dispensa de licitacao,TCE-SP_BOLETINS/edicao-23_Boletim-Jurisprudencia-TCESP-Abril_2023.pdf,77AD046C0E0B7822981F862E8C1EEF35AB0CB1B567753DAD53D4C41078EF2543,https://www.tce.sp.gov.br/publicacoes/boletim-jurisprudencia-edicao-23-abril2023,https://www.tce.sp.gov.br/sites/default/files/publicacoes/Boletim-Jurisprudencia-TCESP-Abril_2023.pdf,03_jurisprudencia/tce_sp/contratacao_direta/fichas/tcesp-01252-989-23-1-b23-77ad046c0e0b.md
tcesp-011156-989-18-8-b24-f4b8d69d3ece,24,2023-07-13,TC-011156.989.18-8,2023-05-09,Conselheiro Robson Marinho,SEGUNDA CÂMARA,22,lei-8666,execução contratual,dispensa de licitacao,TCE-SP_BOLETINS/edicao-24_Boletim-Jurisprudencia-TCESP-Maio_2023.pdf,F4B8D69D3ECE095BB28EED14C3A6A3E1A401BE89770D784A252A52EA255B6895,https://www.tce.sp.gov.br/publicacoes/boletim-jurisprudencia-edicao-24-maio2023,https://www.tce.sp.gov.br/sites/default/files/publicacoes/Boletim-Jurisprudencia-TCESP-Maio_2023.pdf,03_jurisprudencia/tce_sp/contratacao_direta/fichas/tcesp-011156-989-18-8-b24-f4b8d69d3ece.md
tcesp-014283-989-21-8-b24-f4b8d69d3ece,24,2023-07-13,TC-014283.989.21-8,2023-05-09,Conselheiro Edgard Camargo Rodrigues,PRIMEIRA CÂMARA,19,nao-identificado,planejamento | responsabilização | saúde | terceiro setor,dispensa de licitacao,TCE-SP_BOLETINS/edicao-24_Boletim-Jurisprudencia-TCESP-Maio_2023.pdf,F4B8D69D3ECE095BB28EED14C3A6A3E1A401BE89770D784A252A52EA255B6895,https://www.tce.sp.gov.br/publicacoes/boletim-jurisprudencia-edicao-24-maio2023,https://www.tce.sp.gov.br/sites/default/files/publicacoes/Boletim-Jurisprudencia-TCESP-Maio_2023.pdf,03_jurisprudencia/tce_sp/contratacao_direta/fichas/tcesp-014283-989-21-8-b24-f4b8d69d3ece.md
tcesp-013441-989-20-9-b27-749bf257ed46,27,2023-11-10,TC-013441.989.20-9,2023-08-29,Conselheiro Edgard Camargo Rodrigues,PRIMEIRA CÂMARA,20 | 21,lei-13979,emergência | execução contratual | pandemia | responsabilização,dispensa de licitacao,TCE-SP_BOLETINS/edicao-27_Boletim-Jurisprudencia-TCESP-Agosto_2023.pdf,749BF257ED465035CE0BF5859AF8107B168262B6DB647583BE6EA33C2803C057,https://www.tce.sp.gov.br/publicacoes/boletim-jurisprudencia-edicao-27-agosto2023,https://www.tce.sp.gov.br/sites/default/files/publicacoes/Boletim-Jurisprudencia-TCESP-Agosto_2023.pdf,03_jurisprudencia/tce_sp/contratacao_direta/fichas/tcesp-013441-989-20-9-b27-749bf257ed46.md
tcesp-015336-989-20-7-b27-749bf257ed46,27,2023-11-10,TC-015336.989.20-7,2023-08-29,Conselheiro Antonio Roque Citadini,PRIMEIRA CÂMARA,19,lei-8666,planejamento | subcontratação,dispensa de licitacao | dispensa licitatoria,TCE-SP_BOLETINS/edicao-27_Boletim-Jurisprudencia-TCESP-Agosto_2023.pdf,749BF257ED465035CE0BF5859AF8107B168262B6DB647583BE6EA33C2803C057,https://www.tce.sp.gov.br/publicacoes/boletim-jurisprudencia-edicao-27-agosto2023,https://www.tce.sp.gov.br/sites/default/files/publicacoes/Boletim-Jurisprudencia-TCESP-Agosto_2023.pdf,03_jurisprudencia/tce_sp/contratacao_direta/fichas/tcesp-015336-989-20-7-b27-749bf257ed46.md
tcesp-007008-989-20-b29-f604647069af,29,2023-12-15,TC-007008.989.20,2023-10-03,Conselheiro Robson Marinho,SEGUNDA CÂMARA,23,nao-identificado,emergência | pandemia | responsabilização | saúde,contratacao direta,TCE-SP_BOLETINS/edicao-29_Boletim-Jurisprudencia-TCESP-Outubro_2023.pdf,F604647069AF97B0304D0342352C45F96C7B3BF40E829968D13F1BEC724550F3,https://www.tce.sp.gov.br/publicacoes/boletim-jurisprudencia-edicao-29-outubro2023,https://www.tce.sp.gov.br/sites/default/files/publicacoes/Boletim-Jurisprudencia-TCESP-Outubro_2023.pdf,03_jurisprudencia/tce_sp/contratacao_direta/fichas/tcesp-007008-989-20-b29-f604647069af.md
tcesp-009354-989-23-8-b29-f604647069af,29,2023-12-15,TC-009354.989.23-8,2023-10-31,Conselheiro Marco Aurélio Bertaiolli,PRIMEIRA CÂMARA,21 | 22,nao-identificado,emergência | saúde,dispensa de licitacao,TCE-SP_BOLETINS/edicao-29_Boletim-Jurisprudencia-TCESP-Outubro_2023.pdf,F604647069AF97B0304D0342352C45F96C7B3BF40E829968D13F1BEC724550F3,https://www.tce.sp.gov.br/publicacoes/boletim-jurisprudencia-edicao-29-outubro2023,https://www.tce.sp.gov.br/sites/default/files/publicacoes/Boletim-Jurisprudencia-TCESP-Outubro_2023.pdf,03_jurisprudencia/tce_sp/contratacao_direta/fichas/tcesp-009354-989-23-8-b29-f604647069af.md
tcesp-012963-989-23-1-b30-692de54ad128,30,2024-02-05,TC-012963.989.23-1,2023-11-01,Conselheiro Renato Martins Costa,TRIBUNAL PLENO,13,nao-identificado,,dispensa de licitacao,TCE-SP_BOLETINS/edicao-30_Boletim-Jurisprudencia-TCESP-Novembro_2023.pdf,692DE54AD128E360ECCC446E75CF12CBDFDC801D4FA2BEEB60434D9ADCC4C206,https://www.tce.sp.gov.br/publicacoes/boletim-jurisprudencia-edicao-30-novembro2023,https://www.tce.sp.gov.br/sites/default/files/publicacoes/Boletim-Jurisprudencia-TCESP-Novembro_2023.pdf,03_jurisprudencia/tce_sp/contratacao_direta/fichas/tcesp-012963-989-23-1-b30-692de54ad128.md
tcesp-009602-989-22-0-b30-692de54ad128,30,2024-02-05,TC-009602.989.22-0,2023-11-08,Não identificado no documento,TRIBUNAL PLENO,12,lei-8666,subcontratação,dispensa de licitacao,TCE-SP_BOLETINS/edicao-30_Boletim-Jurisprudencia-TCESP-Novembro_2023.pdf,692DE54AD128E360ECCC446E75CF12CBDFDC801D4FA2BEEB60434D9ADCC4C206,https://www.tce.sp.gov.br/publicacoes/boletim-jurisprudencia-edicao-30-novembro2023,https://www.tce.sp.gov.br/sites/default/files/publicacoes/Boletim-Jurisprudencia-TCESP-Novembro_2023.pdf,03_jurisprudencia/tce_sp/contratacao_direta/fichas/tcesp-009602-989-22-0-b30-692de54ad128.md
tcesp-007336-989-20-7-b30-692de54ad128,30,2024-02-05,TC-007336.989.20-7,2023-11-14,Conselheira Cristiana de Castro Moraes,SEGUNDA CÂMARA,24,nao-identificado,publicidade,contratacao direta,TCE-SP_BOLETINS/edicao-30_Boletim-Jurisprudencia-TCESP-Novembro_2023.pdf,692DE54AD128E360ECCC446E75CF12CBDFDC801D4FA2BEEB60434D9ADCC4C206,https://www.tce.sp.gov.br/publicacoes/boletim-jurisprudencia-edicao-30-novembro2023,https://www.tce.sp.gov.br/sites/default/files/publicacoes/Boletim-Jurisprudencia-TCESP-Novembro_2023.pdf,03_jurisprudencia/tce_sp/contratacao_direta/fichas/tcesp-007336-989-20-7-b30-692de54ad128.md
tcesp-007649-989-22-b31-635e448ebcfa,31,2024-02-06,TC-007649.989.22,2023-12-05,Conselheiro Renato Martins Costa,SEGUNDA CÂMARA,21 | 22,lei-8666,emergência | execução contratual,contratacao direta | dispensa de licitacao | dispensa licitatoria,TCE-SP_BOLETINS/edicao-31_Boletim-Jurisprudencia-TCESP-Dezembro_2023.pdf,635E448EBCFA4CA82BB1240AC48BAD7D9D18385EEAA135908162F4A216E42140,https://www.tce.sp.gov.br/publicacoes/boletim-jurisprudencia-edicao-31-dezembro2023,https://www.tce.sp.gov.br/sites/default/files/publicacoes/Boletim-Jurisprudencia-TCESP-Dezembro_2023.pdf,03_jurisprudencia/tce_sp/contratacao_direta/fichas/tcesp-007649-989-22-b31-635e448ebcfa.md
tcesp-004383-989-22-5-b33-d9d6408f29af,33,2024-05-20,TC-004383.989.22-5,2024-03-05,Conselheiro Robson Marinho,SEGUNDA CÂMARA,20,nao-identificado,publicidade,contratacao direta,TCE-SP_BOLETINS/edicao-33_Boletim-Jurisprudencia-TCESP-Mar_o_2024.pdf,D9D6408F29AFADFEDDCD55D9790BD7644DCA861FBCA4C3D8B2D570F4C721652F,https://www.tce.sp.gov.br/publicacoes/boletim-jurisprudencia-edicao-33-marco2024,https://www.tce.sp.gov.br/sites/default/files/publicacoes/Boletim-Jurisprudencia-TCESP-Mar%C3%A7o_2024.pdf,03_jurisprudencia/tce_sp/contratacao_direta/fichas/tcesp-004383-989-22-5-b33-d9d6408f29af.md
tcesp-013341-989-20-0-b33-d9d6408f29af,33,2024-05-20,TC-013341.989.20-0,2024-03-05,Conselheira Cristiana de Castro Moraes,SEGUNDA CÂMARA,21,lei-8666,emergência | planejamento,dispensa de licitacao,TCE-SP_BOLETINS/edicao-33_Boletim-Jurisprudencia-TCESP-Mar_o_2024.pdf,D9D6408F29AFADFEDDCD55D9790BD7644DCA861FBCA4C3D8B2D570F4C721652F,https://www.tce.sp.gov.br/publicacoes/boletim-jurisprudencia-edicao-33-marco2024,https://www.tce.sp.gov.br/sites/default/files/publicacoes/Boletim-Jurisprudencia-TCESP-Mar%C3%A7o_2024.pdf,03_jurisprudencia/tce_sp/contratacao_direta/fichas/tcesp-013341-989-20-0-b33-d9d6408f29af.md
tcesp-017332-989-22-7-b34-b738880ce4e5,34,2024-06-12,TC-017332.989.22-7,2024-04-02,Conselheira Cristiana de Castro Moraes,SEGUNDA CÂMARA,22,lei-8666,emergência | justificativa do preço | planejamento | transporte escolar,dispensa de licitacao,TCE-SP_BOLETINS/edicao-34_Boletim-Jurisprudencia-TCESP-Abril_2024.pdf,B738880CE4E54ADDBD096C74FE7B500A783AF6D54D05EA5C384BA7A1DDBA8474,https://www.tce.sp.gov.br/publicacoes/boletim-jurisprudencia-edicao-34-abril2024,https://www.tce.sp.gov.br/sites/default/files/publicacoes/Boletim-Jurisprudencia-TCESP-Abril_2024.pdf,03_jurisprudencia/tce_sp/contratacao_direta/fichas/tcesp-017332-989-22-7-b34-b738880ce4e5.md
tcesp-024841-989-20-5-b34-b738880ce4e5,34,2024-06-12,TC-024841.989.20-5,2024-04-16,Conselheiro Antonio Roque Citadini,PRIMEIRA CÂMARA,17,lei-8666,execução contratual | pesquisa de preços,dispensa de licitacao | dispensa licitatoria,TCE-SP_BOLETINS/edicao-34_Boletim-Jurisprudencia-TCESP-Abril_2024.pdf,B738880CE4E54ADDBD096C74FE7B500A783AF6D54D05EA5C384BA7A1DDBA8474,https://www.tce.sp.gov.br/publicacoes/boletim-jurisprudencia-edicao-34-abril2024,https://www.tce.sp.gov.br/sites/default/files/publicacoes/Boletim-Jurisprudencia-TCESP-Abril_2024.pdf,03_jurisprudencia/tce_sp/contratacao_direta/fichas/tcesp-024841-989-20-5-b34-b738880ce4e5.md
tcesp-020476-989-23-1-b34-b738880ce4e5,34,2024-06-12,TC-020476.989.23-1,2024-04-17,Conselheira Cristiana de Castro Moraes,TRIBUNAL PLENO,13,nao-identificado,,dispensa de licitacao,TCE-SP_BOLETINS/edicao-34_Boletim-Jurisprudencia-TCESP-Abril_2024.pdf,B738880CE4E54ADDBD096C74FE7B500A783AF6D54D05EA5C384BA7A1DDBA8474,https://www.tce.sp.gov.br/publicacoes/boletim-jurisprudencia-edicao-34-abril2024,https://www.tce.sp.gov.br/sites/default/files/publicacoes/Boletim-Jurisprudencia-TCESP-Abril_2024.pdf,03_jurisprudencia/tce_sp/contratacao_direta/fichas/tcesp-020476-989-23-1-b34-b738880ce4e5.md
tcesp-015463-989-21-0-b35-8b90db7fa1e9,35,2024-08-06,TC-015463.989.21-0,2024-05-22,Conselheiro Sidney Estanislau Beraldo,TRIBUNAL PLENO,13,nao-identificado,emergência | pandemia | pesquisa de preços,dispensa de licitacao,TCE-SP_BOLETINS/edicao-35_Boletim-Jurisprudencia-TCESP-Maio_2024.pdf,8B90DB7FA1E9E52080355D0FB2408B5D5117E5F38E54A52410213ABE074D256C,https://www.tce.sp.gov.br/publicacoes/boletim-jurisprudencia-edicao-35-maio2024,https://www.tce.sp.gov.br/sites/default/files/publicacoes/Boletim-Jurisprudencia-TCESP-Maio_2024.pdf,03_jurisprudencia/tce_sp/contratacao_direta/fichas/tcesp-015463-989-21-0-b35-8b90db7fa1e9.md
tcesp-020953-989-23-3-b36-b0afde5b17c5,36,2024-09-12,TC-020953.989.23-3,2024-06-05,Conselheiro Dimas Ramalho,TRIBUNAL PLENO,14,nao-identificado,justificativa do preço,dispensa de licitacao,TCE-SP_BOLETINS/edicao-36_Boletim-Jurisprudencia-TCESP-Junho_2024.pdf,B0AFDE5B17C507741F1363228332340873797B9135C240D6406A24663F4BC445,https://www.tce.sp.gov.br/publicacoes/boletim-jurisprudencia-edicao-36-junho2024,https://www.tce.sp.gov.br/sites/default/files/publicacoes/Boletim-Jurisprudencia-TCESP-Junho_2024.pdf,03_jurisprudencia/tce_sp/contratacao_direta/fichas/tcesp-020953-989-23-3-b36-b0afde5b17c5.md
tcesp-010907-989-22-2-b38-0792ddfe71ef,38,2024-11-11,TC-010907.989.22-2,2024-08-28,Conselheiro Antonio Roque Citadini,TRIBUNAL PLENO,12,nao-identificado,pesquisa de preços | responsabilização,contratacao direta | dispensa de licitacao,TCE-SP_BOLETINS/edicao-38_Boletim-Jurisprudencia-TCESP-Agosto_2024.pdf,0792DDFE71EF4EAF2595BBF1567C34EA5A2658B3D6DC8066C97D7AFB71ECDADF,https://www.tce.sp.gov.br/publicacoes/boletim-jurisprudencia-edicao-38-agosto2024,https://www.tce.sp.gov.br/sites/default/files/publicacoes/Boletim-Jurisprudencia-TCESP-Agosto_2024.pdf,03_jurisprudencia/tce_sp/contratacao_direta/fichas/tcesp-010907-989-22-2-b38-0792ddfe71ef.md
tcesp-10014-989-24-8-b39-74c71458d014,39,2025-01-08,TC-10014.989.24-8,2024-09-10,Conselheiro Robson Marinho,SEGUNDA CÂMARA,21,nao-identificado,emergência | justificativa do preço,dispensa de licitacao,TCE-SP_BOLETINS/edicao-39_Boletim-Jurisprudencia-TCESP-Setembro_2024.pdf,74C71458D014E670F1F102AD37CCCA8A6D0012F891C1FDEA77048AD6CC93DA42,https://www.tce.sp.gov.br/publicacoes/boletim-jurisprudencia-edicao-39-setembro2024,https://www.tce.sp.gov.br/sites/default/files/publicacoes/Boletim-Jurisprudencia-TCESP-Setembro_2024.pdf,03_jurisprudencia/tce_sp/contratacao_direta/fichas/tcesp-10014-989-24-8-b39-74c71458d014.md
tcesp-008717-989-23-0-b40-b8edd79a35fd,40,2025-02-18,TC-008717.989.23-0,2024-09-17,Conselheiro Sidney Estanislau Beraldo,SEGUNDA CÂMARA,23,nao-identificado,emergência | pesquisa de preços | planejamento | responsabilização | transporte escolar,dispensa de licitacao,TCE-SP_BOLETINS/edicao-40_Boletim-Jurisprudencia-TCESP-Outubro_2024.pdf,B8EDD79A35FD30D7AA74BE4CA713C09CEFE0759EA7960BBB7C09D92565998D62,https://www.tce.sp.gov.br/publicacoes/boletim-jurisprudencia-edicao-40-outubro2024,https://www.tce.sp.gov.br/sites/default/files/publicacoes/Boletim-Jurisprudencia-TCESP-Outubro_2024.pdf,03_jurisprudencia/tce_sp/contratacao_direta/fichas/tcesp-008717-989-23-0-b40-b8edd79a35fd.md
tcesp-001365-989-24-3-b39-74c71458d014,39,2025-01-08,TC-001365.989.24-3,2024-09-25,Conselheiro Antonio Roque Citadini,TRIBUNAL PLENO,12,lei-8666,emergência | execução contratual | pesquisa de preços | planejamento,dispensa de licitacao,TCE-SP_BOLETINS/edicao-39_Boletim-Jurisprudencia-TCESP-Setembro_2024.pdf,74C71458D014E670F1F102AD37CCCA8A6D0012F891C1FDEA77048AD6CC93DA42,https://www.tce.sp.gov.br/publicacoes/boletim-jurisprudencia-edicao-39-setembro2024,https://www.tce.sp.gov.br/sites/default/files/publicacoes/Boletim-Jurisprudencia-TCESP-Setembro_2024.pdf,03_jurisprudencia/tce_sp/contratacao_direta/fichas/tcesp-001365-989-24-3-b39-74c71458d014.md
tcesp-016458-989-24-1-b39-74c71458d014,39,2025-01-08,TC-016458.989.24-1,2024-09-25,Conselheiro Dimas Ramalho,TRIBUNAL PLENO,15,nao-identificado,emergência | publicidade | resíduos e limpeza urbana | saúde,dispensa de licitacao,TCE-SP_BOLETINS/edicao-39_Boletim-Jurisprudencia-TCESP-Setembro_2024.pdf,74C71458D014E670F1F102AD37CCCA8A6D0012F891C1FDEA77048AD6CC93DA42,https://www.tce.sp.gov.br/publicacoes/boletim-jurisprudencia-edicao-39-setembro2024,https://www.tce.sp.gov.br/sites/default/files/publicacoes/Boletim-Jurisprudencia-TCESP-Setembro_2024.pdf,03_jurisprudencia/tce_sp/contratacao_direta/fichas/tcesp-016458-989-24-1-b39-74c71458d014.md
tcesp-021191-989-24-3-b50-182ab77f3fcf,50,2026-02-23,TC-021191.989.24-3,2024-10-14,Conselheiro Maxwell Borges de Moura Vieira,SEGUNDA CÂMARA,23,nao-identificado,emergência | planejamento | responsabilização | resíduos e limpeza urbana,dispensa de licitacao,TCE-SP_BOLETINS/edicao-50_Boletim-Jurisprudencia-TCESP-Outubro_2025.pdf,182AB77F3FCF68DDA85C1879AAA9C8B8A5F93AFA81A4BFE177F1ECB6217F0F09,https://www.tce.sp.gov.br/publicacoes/boletim-jurisprudencia-edicao-50-outubro2025,https://www.tce.sp.gov.br/sites/default/files/publicacoes/Boletim-Jurisprudencia-TCESP-Outubro_2025.pdf,03_jurisprudencia/tce_sp/contratacao_direta/fichas/tcesp-021191-989-24-3-b50-182ab77f3fcf.md
tcesp-022965-989-23-9-b40-b8edd79a35fd,40,2025-02-18,TC-022965.989.23-9,2024-10-30,Conselheiro Robson Marinho,TRIBUNAL PLENO,13,lei-8666,,dispensa de licitacao,TCE-SP_BOLETINS/edicao-40_Boletim-Jurisprudencia-TCESP-Outubro_2024.pdf,B8EDD79A35FD30D7AA74BE4CA713C09CEFE0759EA7960BBB7C09D92565998D62,https://www.tce.sp.gov.br/publicacoes/boletim-jurisprudencia-edicao-40-outubro2024,https://www.tce.sp.gov.br/sites/default/files/publicacoes/Boletim-Jurisprudencia-TCESP-Outubro_2024.pdf,03_jurisprudencia/tce_sp/contratacao_direta/fichas/tcesp-022965-989-23-9-b40-b8edd79a35fd.md
tcesp-020462-989-24-5-b41-550a90b96701,41,2025-03-14,TC-020462.989.24-5,2024-11-06,Conselheiro Robson Marinho,TRIBUNAL PLENO,19,lei-8666,emergência | planejamento | responsabilização,dispensa de licitacao,TCE-SP_BOLETINS/edicao-41_Boletim-Jurisprudencia-TCESP-Novembro-Dezembro_2024.pdf,550A90B96701A17EE2015DA3D7966E8ED0FC1EC7914348B4C3F2B78A0929BB05,https://www.tce.sp.gov.br/publicacoes/boletim-jurisprudencia-edicao-41-novembro-e-dezembro2024,https://www.tce.sp.gov.br/sites/default/files/publicacoes/Boletim-Jurisprudencia-TCESP-Novembro-Dezembro_2024.pdf,03_jurisprudencia/tce_sp/contratacao_direta/fichas/tcesp-020462-989-24-5-b41-550a90b96701.md
tcesp-015829-989-23-5-b42-89d44742bcf5,42,2025-05-05,TC-015829.989.23-5,2025-02-05,Conselheiro Renato Martins Costa,TRIBUNAL PLENO,12,nao-identificado,emergência | planejamento,dispensa de licitacao,TCE-SP_BOLETINS/edicao-42_Boletim-Jurisprudencia-TCESP-Fevereiro_2025.pdf,89D44742BCF5546725A4869429CF22A81B4BAB7DAF335A04D1335C0D3714B466,https://www.tce.sp.gov.br/publicacoes/boletim-jurisprudencia-edicao-42-fevereiro2025,https://www.tce.sp.gov.br/sites/default/files/publicacoes/Boletim-Jurisprudencia-TCESP-Fevereiro_2025.pdf,03_jurisprudencia/tce_sp/contratacao_direta/fichas/tcesp-015829-989-23-5-b42-89d44742bcf5.md
tcesp-022070-989-24-9-b43-81976d076f05,43,2025-05-29,TC-022070.989.24-9,2025-03-12,Conselheiro Maxwell Borges de Moura Vieira,TRIBUNAL PLENO,18 | 19,lei-8666,emergência | resíduos e limpeza urbana,dispensa de licitacao,TCE-SP_BOLETINS/edicao-43_Boletim-Jurisprudencia-TCESP-Mar_o_2025.pdf,81976D076F05C8C45F68AA70BF11ABBD08C034DA35F828C3FE8C0347CA8B8F9B,https://www.tce.sp.gov.br/publicacoes/boletim-jurisprudencia-edicao-43-marco2025,https://www.tce.sp.gov.br/sites/default/files/publicacoes/Boletim-Jurisprudencia-TCESP-Mar%C3%A7o_2025.pdf,03_jurisprudencia/tce_sp/contratacao_direta/fichas/tcesp-022070-989-24-9-b43-81976d076f05.md
tcesp-011251-989-22-4-b45-ac41d28138d3,45,2025-09-01,TC-011251.989.22-4,2025-05-20,Conselheiro Marco Aurélio Bertaiolli,PRIMEIRA CÂMARA,22 | 23,lei-8666,alimentação escolar | emergência | execução contratual | pesquisa de preços | planejamento | responsabilização,dispensa de licitacao | dispensa licitatoria,TCE-SP_BOLETINS/edicao-45_Boletim-Jurisprudencia-TCESP-Maio_2025.pdf,AC41D28138D38938005981D2F3B5715566984BC47D43B8A936F9D28EBAC9C6ED,https://www.tce.sp.gov.br/publicacoes/boletim-jurisprudencia-edicao-45-maio2025,https://www.tce.sp.gov.br/sites/default/files/publicacoes/Boletim-Jurisprudencia-TCESP-Maio_2025.pdf,03_jurisprudencia/tce_sp/contratacao_direta/fichas/tcesp-011251-989-22-4-b45-ac41d28138d3.md
tcesp-019950-989-23-6-b46-ec5590c9511a,46,2025-10-20,TC-019950.989.23-6,2025-06-03,Conselheiro Marco Aurélio Bertaiolli,PRIMEIRA CÂMARA,19 | 20,lei-14133+lei-8666,execução contratual,contratacao direta,TCE-SP_BOLETINS/edicao-46_Boletim-Jurisprudencia-TCESP-Junho_2025.pdf,EC5590C9511A70090F2F997161FB3A634A683DE62AC14D072AAD8237FDAEBB8B,https://www.tce.sp.gov.br/publicacoes/boletim-jurisprudencia-edicao-46-junho2025,https://www.tce.sp.gov.br/sites/default/files/publicacoes/Boletim-Jurisprudencia-TCESP-Junho_2025.pdf,03_jurisprudencia/tce_sp/contratacao_direta/fichas/tcesp-019950-989-23-6-b46-ec5590c9511a.md
tcesp-012626-989-24-8-b46-ec5590c9511a,46,2025-10-20,TC-012626.989.24-8,2025-06-10,Conselheira Cristiana de Castro Moraes,SEGUNDA CÂMARA,20,lei-8666,justificativa do preço | pesquisa de preços,dispensa de licitacao,TCE-SP_BOLETINS/edicao-46_Boletim-Jurisprudencia-TCESP-Junho_2025.pdf,EC5590C9511A70090F2F997161FB3A634A683DE62AC14D072AAD8237FDAEBB8B,https://www.tce.sp.gov.br/publicacoes/boletim-jurisprudencia-edicao-46-junho2025,https://www.tce.sp.gov.br/sites/default/files/publicacoes/Boletim-Jurisprudencia-TCESP-Junho_2025.pdf,03_jurisprudencia/tce_sp/contratacao_direta/fichas/tcesp-012626-989-24-8-b46-ec5590c9511a.md
tcesp-001768-989-25-3-b47-9720810899bb,47,2025-10-31,TC-001768.989.25-3,2025-07-01,Conselheiro Sidney Estanislau Beraldo,SEGUNDA CÂMARA,22,nao-identificado,emergência | transporte escolar,contratacao direta | dispensa de licitacao,TCE-SP_BOLETINS/edicao-47_Boletim-Jurisprudencia-TCESP-Julho_2025.pdf,9720810899BB19D2E93ECF2894469C6BF750D3507E1365FEE5CF0FCE21310B4B,https://www.tce.sp.gov.br/publicacoes/boletim-jurisprudencia-edicao-47-julho2025,https://www.tce.sp.gov.br/sites/default/files/publicacoes/Boletim-Jurisprudencia-TCESP-Julho_2025.pdf,03_jurisprudencia/tce_sp/contratacao_direta/fichas/tcesp-001768-989-25-3-b47-9720810899bb.md
tcesp-019610-989-24-6-b48-e455ab5d221f,48,2026-01-28,TC-019610.989.24-6,2025-08-05,Conselheiro Maxwell Borges de Moura Vieira,SEGUNDA CÂMARA,28,nao-identificado,planejamento | publicidade,dispensa de licitacao,TCE-SP_BOLETINS/edicao-48_Boletim-Jurisprudencia-TCESP-Agosto_2025.pdf,E455AB5D221F5B84031E9877564C82DB5974ACB3086070B0375DB56C8F958873,https://www.tce.sp.gov.br/publicacoes/boletim-jurisprudencia-edicao-48-agosto2025,https://www.tce.sp.gov.br/sites/default/files/publicacoes/Boletim-Jurisprudencia-TCESP-Agosto_2025.pdf,03_jurisprudencia/tce_sp/contratacao_direta/fichas/tcesp-019610-989-24-6-b48-e455ab5d221f.md
tcesp-016630-989-24-2-b49-5bddb84349ed,49,2026-02-06,TC-016630.989.24-2,2025-09-02,Conselheiro Renato Martins Costa,SEGUNDA CÂMARA,21,lei-14133,,dispensa de licitacao | dispensa licitatoria,TCE-SP_BOLETINS/edicao-49_Boletim-Jurisprudencia-TCESP-Setembro_2025.pdf,5BDDB84349EDE6B0A25325D120E81AB03B2D9181FF12D274D07A1DE7E0D58E10,https://www.tce.sp.gov.br/publicacoes/boletim-jurisprudencia-edicao-49-setembro2025,https://www.tce.sp.gov.br/sites/default/files/publicacoes/Boletim-Jurisprudencia-TCESP-Setembro_2025.pdf,03_jurisprudencia/tce_sp/contratacao_direta/fichas/tcesp-016630-989-24-2-b49-5bddb84349ed.md
tcesp-016652-989-23-7-b49-5bddb84349ed,49,2026-02-06,TC-016652.989.23-7,2025-09-16,Conselheiro Substituto-Auditor Samy Wurman,PRIMEIRA CÂMARA,20 | 21,lei-14133,emergência | responsabilização | saúde,dispensa de licitacao,TCE-SP_BOLETINS/edicao-49_Boletim-Jurisprudencia-TCESP-Setembro_2025.pdf,5BDDB84349EDE6B0A25325D120E81AB03B2D9181FF12D274D07A1DE7E0D58E10,https://www.tce.sp.gov.br/publicacoes/boletim-jurisprudencia-edicao-49-setembro2025,https://www.tce.sp.gov.br/sites/default/files/publicacoes/Boletim-Jurisprudencia-TCESP-Setembro_2025.pdf,03_jurisprudencia/tce_sp/contratacao_direta/fichas/tcesp-016652-989-23-7-b49-5bddb84349ed.md
tcesp-011397-989-24-5-b49-5bddb84349ed,49,2026-02-06,TC-011397.989.24-5,2025-09-17,Conselheiro Marco Aurélio Bertaiolli,TRIBUNAL PLENO,16,nao-identificado,pesquisa de preços,dispensa de licitacao,TCE-SP_BOLETINS/edicao-49_Boletim-Jurisprudencia-TCESP-Setembro_2025.pdf,5BDDB84349EDE6B0A25325D120E81AB03B2D9181FF12D274D07A1DE7E0D58E10,https://www.tce.sp.gov.br/publicacoes/boletim-jurisprudencia-edicao-49-setembro2025,https://www.tce.sp.gov.br/sites/default/files/publicacoes/Boletim-Jurisprudencia-TCESP-Setembro_2025.pdf,03_jurisprudencia/tce_sp/contratacao_direta/fichas/tcesp-011397-989-24-5-b49-5bddb84349ed.md
tcesp-000055-989-25-5-b51-002efd24b99b,51,2026-05-04,TC-000055.989.25-5,2025-11-04,Conselheiro Maxwell Borges de Moura Vieira,SEGUNDA CÂMARA,30,nao-identificado,emergência | planejamento | responsabilização | resíduos e limpeza urbana | terceiro setor,dispensa de licitacao,TCE-SP_BOLETINS/edicao-51_Boletim-Jurisprudencia-TCESP-Novembro_Dezembro_2025.pdf,002EFD24B99B67BCECA74C2DC95FFA190B1597D1931343EFC23B3D5844A2736B,https://www.tce.sp.gov.br/publicacoes/boletim-jurisprudencia-edicao-51-novembro-e-dezembro2025,https://www.tce.sp.gov.br/sites/default/files/publicacoes/Boletim-Jurisprudencia-TCESP-Novembro_Dezembro_2025.pdf,03_jurisprudencia/tce_sp/contratacao_direta/fichas/tcesp-000055-989-25-5-b51-002efd24b99b.md
tcesp-012171-989-25-4-b51-002efd24b99b,51,2026-05-04,TC-012171.989.25-4,2025-12-03,Conselheiro Wagner de Campos Rosário,TRIBUNAL PLENO,23,lei-8666,emergência | execução contratual | planejamento | transporte escolar,contratacao direta | dispensa de licitacao,TCE-SP_BOLETINS/edicao-51_Boletim-Jurisprudencia-TCESP-Novembro_Dezembro_2025.pdf,002EFD24B99B67BCECA74C2DC95FFA190B1597D1931343EFC23B3D5844A2736B,https://www.tce.sp.gov.br/publicacoes/boletim-jurisprudencia-edicao-51-novembro-e-dezembro2025,https://www.tce.sp.gov.br/sites/default/files/publicacoes/Boletim-Jurisprudencia-TCESP-Novembro_Dezembro_2025.pdf,03_jurisprudencia/tce_sp/contratacao_direta/fichas/tcesp-012171-989-25-4-b51-002efd24b99b.md
tcesp-011307-989-23-6-b52-48cf75f92649,52,2026-05-14,TC-011307.989.23-6,2026-02-10,Conselheiro Renato Martins Costa,SEGUNDA CÂMARA,20,lei-8666,emergência | execução contratual | pesquisa de preços | planejamento | transporte escolar,contratacao direta | dispensa de licitacao,TCE-SP_BOLETINS/edicao-52_Boletim-Jurisprudencia-TCESP-Fevereiro_2026.pdf,48CF75F9264993AFD59F9DE67033658A13B4DA0B3E6902021E3316D6FBCB7F7E,https://www.tce.sp.gov.br/boletim-de-jurisprudencia/publicacoes/boletim-jurisprudencia-edicao-52-fevereiro2026,https://www.tce.sp.gov.br/sites/default/files/publicacoes/Boletim-Jurisprudencia-TCESP-Fevereiro_2026.pdf,03_jurisprudencia/tce_sp/contratacao_direta/fichas/tcesp-011307-989-23-6-b52-48cf75f92649.md
tcesp-025086-989-24-1-b52-48cf75f92649,52,2026-05-14,TC-025086.989.24-1,2026-02-11,Conselheiro Marco Aurélio Bertaiolli,TRIBUNAL PLENO,13,nao-identificado,qualificação técnica | responsabilização | subcontratação,dispensa de licitacao,TCE-SP_BOLETINS/edicao-52_Boletim-Jurisprudencia-TCESP-Fevereiro_2026.pdf,48CF75F9264993AFD59F9DE67033658A13B4DA0B3E6902021E3316D6FBCB7F7E,https://www.tce.sp.gov.br/boletim-de-jurisprudencia/publicacoes/boletim-jurisprudencia-edicao-52-fevereiro2026,https://www.tce.sp.gov.br/sites/default/files/publicacoes/Boletim-Jurisprudencia-TCESP-Fevereiro_2026.pdf,03_jurisprudencia/tce_sp/contratacao_direta/fichas/tcesp-025086-989-24-1-b52-48cf75f92649.md
