id_interno,tipo,numero,ementa,situacao,id_tclegis,url_detalhe,titulo_tclegis,fonte_tclegis,vides
83-2023-transicao,Portaria,83/PRES./2023,"Dispõe sobre o regime de transição de que trata o art. 191 da Lei Federal nº 14.133, de 1º de abril de 2021, no âmbito do Tribunal de Contas do Estado de Minas Gerais.",situacao_nao_confirmada,1141937,https://tclegis.tce.mg.gov.br/Home/Detalhe/1141937,"PORTARIA nº 000083, de
                            16/11/2023 -
                            Presidência",Disponibilização D.O.C. 16/11/2023 - Pág. 16.,[]
1-2024-pca,Portaria,1/PRES./2024,Dispõe sobre o Plano de Contratações Anual no âmbito do Tribunal de Contas do Estado de Minas Gerais.,alterada,1142001,https://tclegis.tce.mg.gov.br/Home/Detalhe/1142001,"PORTARIA nº 000001, de
                            12/01/2024 -
                            Presidência",Disponibilização D.O.C. 12/01/2024 - Págs. 2-5; Republicação D.O.C. 26/01/2024 - Págs. 4-6.,"[{'id': '1143165', 'texto': ''}, {'id': '1142608', 'texto': ''}, {'id': '1142041', 'texto': ''}]"
2-2024-dispensa-art75,Portaria,2/PRES./2024,"Dispõe sobre a contratação direta por dispensa de licitação com fundamento nos incisos I e II do art. 75 da Lei Federal nº 14.133, de 1º de abril de 2021, no âmbito do Tribunal de Contas do Estado de Minas Gerais.",alterada,1142002,https://tclegis.tce.mg.gov.br/Home/Detalhe/1142002,"PORTARIA nº 000002, de
                            12/01/2024 -
                            Presidência",Disponibilização D.O.C. 12/01/2024 - Págs. 5-6.,"[{'id': '1142983', 'texto': ''}]"
8-2024-agente-contratacao,Portaria,8/PRES./2024,"Dispõe sobre as regras e diretrizes para atuação do agente de contratação, da equipe de apoio, da comissão de contratação, do gestor e do fiscal de contrato, no âmbito do Tribunal de Contas do Estado de Minas Gerais.",alterada,1142025,https://tclegis.tce.mg.gov.br/Home/Detalhe/1142025,"PORTARIA nº 000008, de
                            31/01/2024 -
                            Presidência",Disponibilização D.O.C. 31/01/2024 - Págs. 3-8.,"[{'id': '1142723', 'texto': ''}]"
9-2024-etp,Portaria,9/PRES./2024,Dispõe sobre a elaboração de Estudo Técnico Preliminar no âmbito do Tribunal de Contas do Estado de Minas Gerais.,alterada,1142024,https://tclegis.tce.mg.gov.br/Home/Detalhe/1142024,"PORTARIA nº 000009, de
                            31/01/2024 -
                            Presidência",Disponibilização D.O.C. 31/01/2024 - Págs. 8-10.,"[{'id': '1142586', 'texto': ''}]"
43-2024-registro-precos,Portaria,43/PRES./2024,"Regulamenta o sistema de registro de preços previsto na Lei Federal nº 14.133, de 1º de abril de 2021, no âmbito do Tribunal de Contas do Estado de Minas Gerais.",situacao_nao_confirmada,1142265,https://tclegis.tce.mg.gov.br/Home/Detalhe/1142265,"PORTARIA nº 000043, de
                            02/07/2024 -
                            Presidência",Disponibilização D.O.C. 02/07/2024 - Págs. 19-24.,[]
os-4-2024-dispensa-param-legal,Ordem de Serviço,4/PRES./2024,Dispensa a análise jurídica em processo de contratação nas hipóteses em que menciona.,situacao_nao_confirmada,1142053,https://tclegis.tce.mg.gov.br/Home/Detalhe/1142053,"ORDEM DE SERVIÇO nº 000004, de
                            05/03/2024 -
                            Presidência",Disponibilização D.O.C. 05/03/2024 - Págs. 7-8.,[]
res-6-2024-bens-comuns-luxo,Resolução,06/2024,Dispõe sobre o enquadramento de bens nas categorias de qualidade comum e de luxo no âmbito do Tribunal de Contas do Estado de Minas Gerais.,situacao_nao_confirmada,1142355,https://tclegis.tce.mg.gov.br/Home/Detalhe/1142355,"RESOLUÇÃO nº 000006, de
                            07/08/2024 -
                            Pleno",Disponibilização D.O.C. 14/08/2024 - Págs. 9-10.,[]
res-7-2024-sancoes,Resolução,07/2024,Dispõe sobre o processo de responsabilização e a aplicação de sanções em licitações e contratos administrativos no âmbito do Tribunal de Contas do Estado de Minas Gerais.,situacao_nao_confirmada,1142356,https://tclegis.tce.mg.gov.br/Home/Detalhe/1142356,"RESOLUÇÃO nº 000007, de
                            07/08/2024 -
                            Pleno",Disponibilização D.O.C. 14/08/2024 - Págs. 10-18; Retificação D.O.C. 04/09/2024 - Pág. 2.,[]
141-2025-altera-dispensa,Portaria,141/PRES./2025,"Altera a Portaria nº 02/PRES./2024, que dispõe sobre a contratação direta por dispensa de licitação com fundamento nos incisos I e II do art. 75 da Lei Federal nº 14.133, de 1º de abril de 2021, no âmbito do Tribunal de Contas do Estado de Minas Gerais.",situacao_nao_confirmada,1142983,https://tclegis.tce.mg.gov.br/Home/Detalhe/1142983,"PORTARIA nº 000141, de
                            30/10/2025 -
                            Presidência",Disponibilização D.O.C. 30/10/2025 - Págs. 11-12.,[]
60-2025-altera-agente,Portaria,60/PRES./2025,"Altera a Portaria PRES./08/2024, que dispõe sobre as regras e diretrizes para atuação do agente de contratação, da equipe de apoio, da comissão de contratação, do gestor e do fiscal de contrato, no âmbito do Tribunal de Contas do Estado de Minas Gerais.",situacao_nao_confirmada,1142723,https://tclegis.tce.mg.gov.br/Home/Detalhe/1142723,"PORTARIA nº 000060, de
                            16/05/2025 -
                            Presidência",Disponibilização D.O.C. 16/05/2025 - Págs. 15-16; Republicação D.O.C. 21/05/2025 - Págs. 15-16.,[]
20-2025-altera-etp,Portaria,20/PRES./2025,"Altera a Portaria nº 9/PRES./2024, que dispõe sobre a elaboração de Estudo Técnico Preliminar no âmbito do Tribunal de Contas do Estado de Minas Gerais.",situacao_nao_confirmada,1142586,https://tclegis.tce.mg.gov.br/Home/Detalhe/1142586,"PORTARIA nº 000020, de
                            14/02/2025 -
                            Presidência",Disponibilização D.O.C. 14/02/2025 - Pág. 20.,[]
14-2024-altera-pca,Portaria,14/PRES./2024,"Altera a Portaria nº 1/PRES./2024, que dispõe sobre o Plano de Contratações Anual no âmbito do Tribunal de Contas do Estado de Minas Gerais.",situacao_nao_confirmada,1142041,https://tclegis.tce.mg.gov.br/Home/Detalhe/1142041,"PORTARIA nº 000014, de
                            21/02/2024 -
                            Presidência",Disponibilização D.O.C. 21/02/2024 - Págs. 8-9.,[]
26-2025-altera-pca,Portaria,26/PRES./2025,"Altera a Portaria nº 1/PRES./2024, que dispõe sobre o Plano de Contratações Anual no âmbito do Tribunal de Contas do Estado de Minas Gerais.",situacao_nao_confirmada,1142608,https://tclegis.tce.mg.gov.br/Home/Detalhe/1142608,"PORTARIA nº 000026, de
                            06/03/2025 -
                            Presidência",Disponibilização D.O.C. 06/03/2025 - Págs. 6-8.,[]
22-2026-altera-pca,Portaria,22/PRES./2026,"Altera a Portaria nº 01/PRES./2024, que dispõe sobre o Plano de Contratações Anual no âmbito do Tribunal de Contas do Estado de Minas Gerais.",situacao_nao_confirmada,1143165,https://tclegis.tce.mg.gov.br/Home/Detalhe/1143165,"PORTARIA nº 000022, de
                            05/03/2026 -
                            Presidência",Disponibilização D.O.C. 05/03/2026 - Págs. 4-5.,[]
in-2-2023-sicom-licitacoes,Instrução Normativa,02/2023,"Dispõe sobre a remessa, estabelece os prazos e institui as condições de envio das informações e documentos relativos a procedimentos licitatórios do exercício financeiro de 2024 e seguintes pelo Módulo Edital e Licitação do Sistema Informatizado de Contas dos Municípios (SICOM).",alterada,1141996,https://tclegis.tce.mg.gov.br/Home/Detalhe/1141996,"INSTRUÇÃO NORMATIVA nº 000002, de
                            06/12/2023 -
                            Pleno",Disponibilização D.O.C. 14/12/2023 - Págs. 1-2.,"[{'id': '1142380', 'texto': ''}]"
in-1-2024-altera-sicom,Instrução Normativa,01/2024,"Altera o caput, o inciso IV e os §§ 1º e 2º do art. 3º, acrescenta o inciso VII ao art. 3º e altera o § 1º do art. 13 da Instrução Normativa n° 02, de 6 de dezembro de 2023, que dispõe sobre a remessa, estabelece os prazos e institui as condições de envio das informações e documentos relativos a procedimentos licitatórios do exercício financeiro de 2024 e seguintes pelo Módulo Edital e Licitação d",situacao_nao_confirmada,1142380,https://tclegis.tce.mg.gov.br/Home/Detalhe/1142380,"INSTRUÇÃO NORMATIVA nº 000001, de
                            28/08/2024 -
                            Pleno",Disponibilização D.O.C. 03/09/2024 - Págs. 5-6.,[]
85-2025-comissao-qualif-ecofin,Portaria,85/PRES./2025,Institui a Comissão de Análise da Qualificação Econômico-financeira das Licitações do Tribunal de Contas do Estado de Minas Gerais.,situacao_nao_confirmada,1142812,https://tclegis.tce.mg.gov.br/Home/Detalhe/1142812,"PORTARIA nº 000085, de
                            08/07/2025 -
                            Presidência",Disponibilização D.O.C. 08/07/2025 - Págs. 17-18.,[]
res-8-2003-pregao,Resolução,08/2003,Regulamenta a adoção do pregão no âmbito do Tribunal de Contas do Estado de Minas Gerais como modalidade de licitação para a aquisição de bens e serviços comuns.,situacao_nao_confirmada,976945,https://tclegis.tce.mg.gov.br/Home/Detalhe/976945,"RESOLUÇÃO nº 000008, de
                            05/11/2003 -
                            Pleno",Disponibilização MG/DEL 12/11/2003 - Pág. 28.,[]
114-2010-aprovacao-pb-tr,Portaria,114/2010,Atribui competência para a aprovação de projetos básicos e termos de referências.,situacao_nao_confirmada,978148,https://tclegis.tce.mg.gov.br/Home/Detalhe/978148,"PORTARIA nº 000114, de
                            01/01/2010 -
                            Presidência",Disponibilização MG/DEL 06/08/2010 - Pág. 54; D.O.C. 06/08/2010 - Pág. 5.,"[{'id': '1136266', 'texto': ''}]"
in-6-2011-ppp,Instrução Normativa,06/2011,Dispõe sobre os procedimentos relativos à contratação de empreendimentos de parcerias público-privadas a serem fiscalizados pelo Tribunal de Contas do Estado de Minas Gerais nas Administrações Públicas estadual e municipais.,situacao_nao_confirmada,978234,https://tclegis.tce.mg.gov.br/Home/Detalhe/978234,"INSTRUÇÃO NORMATIVA nº 000006, de
                            29/06/2011 -
                            Pleno",Disponibilização DOC 08/07/2011 - Pág. 1 - 8.,"[{'id': '1136064', 'texto': ''}, {'id': '1136064', 'texto': ''}, {'id': '1136064', 'texto': ''}, {'id': '1136064', 'texto': ''}, {'id': '1136064', 'texto': ''}, {'id': '1136064', 'texto': ''}, {'id': '1136064', 'texto': ''}, {'id': '1136064', 'texto': ''}, {'id': '1136064', 'texto': ''}, {'id': '1136064', 'texto': ''}, {'id': '1136064', 'texto': ''}, {'id': '1136064', 'texto': ''}, {'id': '1136064', 'texto': ''}, {'id': '1136064', 'texto': ''}]"
15-2014-altera-114-2010,Portaria,15/2014,Modifica o artigo 1º da PORTARIA Nº 114/PRES./10.,situacao_nao_confirmada,1136266,https://tclegis.tce.mg.gov.br/Home/Detalhe/1136266,"PORTARIA nº 000015, de
                            01/01/2014 -
                            Presidência",Disponibilização D.O.C. 04/04/2014 - Pág. 6.,[]
orient-3-2013-coerencia-tr,Orientação,03/2013,Contrato de prestação de serviços. Coerência técnica entre o objeto do contrato e as funções especificadas no termo de referência. Necessidade de acompanhamento das atividades realizadas. Obrigatoriedade.,situacao_nao_confirmada,1136272,https://tclegis.tce.mg.gov.br/Home/Detalhe/1136272,"ORIENTAÇÃO nº 000003, de
                            01/01/2013 -
                            Corregedoria",Intranet,[]
os-2-1997-contratos,Ordem de Serviço,02/1997,"Dispõe sobre a atualização de valores, exame e arquivamento de processos referentes a contratos, convênios, acordos, ajustes e instrumentos congêneres, procedimentos licitatórios e prestações de contas.",situacao_nao_confirmada,1136399,https://tclegis.tce.mg.gov.br/Home/Detalhe/1136399,"ORDEM DE SERVIÇO nº 000002, de
                            14/08/1997 -
                            Presidência",Circulação interna.,"[{'id': '1136333', 'texto': ''}]"
3-2016-programacao-contratacoes,Portaria,03/2016,Define a programação para as contratações no exercício de 2016.,situacao_nao_confirmada,1137069,https://tclegis.tce.mg.gov.br/Home/Detalhe/1137069,"PORTARIA nº 000003, de
                            01/02/2016 -
                            Presidência",Disponibilização D.O.C. 03/02/2016 - Págs. 1-2; 7-8.,[]
72-2018-siad-mg,Portaria,72/2018,Dispõe sobre a implantação e o uso do SIAD-MG - Sistema Integrado de Administração de Materiais e Serviços do Estado de Minas Gerais - no âmbito do Tribunal de Contas do Estado de Minas Gerais.,situacao_nao_confirmada,1139529,https://tclegis.tce.mg.gov.br/Home/Detalhe/1139529,"PORTARIA nº 000072, de
                            18/12/2018 -
                            Presidência",Disponibilização D.O.C. 18/12/2018 - Págs. 69-72.,"[{'id': '1141298', 'texto': ''}, {'id': '1141140', 'texto': ''}, {'id': '1139621', 'texto': ''}]"
75-2022-gt-transicao-14133,Portaria,75/2022,"Institui grupo de trabalho com o objetivo de promover a transição do atual regime de licitações e contratos administrativos do Tribunal para o novo regime instituído pela Lei nº 14.133, de 1º de abril de 2021.",revogado,1141305,https://tclegis.tce.mg.gov.br/Home/Detalhe/1141305,"PORTARIA nº 000075, de
                            19/08/2022 -
                            Presidência",Disponibilização D.O.C. 19/08/2022 - Págs. 24-25.,"[{'id': '1141817', 'texto': ''}, {'id': '1141409', 'texto': ''}]"
59-2023-gt-transicao-14133,Portaria,59/2023,"Institui grupo de trabalho para auxiliar na transição para o regime de licitações e contratos administrativos disciplinado pela Lei nº 14.133, de 1º de abril de 2021.",situacao_nao_confirmada,1141817,https://tclegis.tce.mg.gov.br/Home/Detalhe/1141817,"PORTARIA nº 000059, de
                            04/08/2023 -
                            Presidência",Disponibilização D.O.C. 04/08/2023 - Págs. 11-12.,"[{'id': '1142048', 'texto': ''}, {'id': '1141934', 'texto': ''}]"
regimento-interno-2023,Regimento Interno,S/N/2023,Aprova o Regimento Interno do Tribunal de Contas do Estado de Minas Gerais.,alterada,1142030,https://tclegis.tce.mg.gov.br/Home/Detalhe/1142030,"REGIMENTO INTERNO nº S/N, de
                            13/12/2023 -
                            Pleno",Disponibilização D.O.C. 01/02/2024 - Pág. 1.,"[{'id': '1142958', 'texto': ''}, {'id': '1142227', 'texto': ''}]"
res-delegada-1-2025-org-unidades,Resolução Delegada,01/2025,Altera a estrutura organizacional e as competências das unidades dos Serviços Auxiliares e da Escola de Contas do Tribunal de Contas do Estado de Minas Gerais.,alterada,1142590,https://tclegis.tce.mg.gov.br/Home/Detalhe/1142590,"RESOLUÇÃO DELEGADA nº 000001, de
                            13/02/2025 -
                            Presidência",Disponibilização D.O.C. 14/02/2025 - Págs. 22-72,"[{'id': '1142792', 'texto': ''}, {'id': '1142694', 'texto': ''}, {'id': '1142694', 'texto': ''}, {'id': '1142694', 'texto': ''}, {'id': '1142694', 'texto': ''}, {'id': '1142694', 'texto': ''}, {'id': '1142694', 'texto': ''}, {'id': '1142694', 'texto': ''}, {'id': '1142694', 'texto': ''}, {'id': '1142694', 'texto': ''}, {'id': '1142694', 'texto': ''}, {'id': '1142694', 'texto': ''}]"
res-delegada-2-2025-altera-org,Resolução Delegada,02/2025,"Altera a Resolução Delegada n° 1, de 13 de fevereiro de 2025, que altera a estrutura organizacional e as competências das unidades dos Serviços Auxiliares e da Escola de Contas do Tribunal de Contas do Estado de Minas Gerais.",situacao_nao_confirmada,1142694,https://tclegis.tce.mg.gov.br/Home/Detalhe/1142694,"RESOLUÇÃO DELEGADA nº 000002, de
                            23/04/2025 -
                            Presidência",Disponibilização D.O.C. 23/04/2025 - Págs. 8-13; Republicação D.O.C. 28/04/2025 - Págs. 20-25; Republicação D.O.C. 30/04/2025 - Págs. 22-28.,"[{'id': '1142792', 'texto': ''}]"
res-4-2025-org-unidades,Resolução,04/2025,Altera a estrutura organizacional e as competências das unidades dos Serviços Auxiliares e da Escola de Contas do Tribunal de Contas do Estado de Minas Gerais.,situacao_nao_confirmada,1142792,https://tclegis.tce.mg.gov.br/Home/Detalhe/1142792,"RESOLUÇÃO nº 000004, de
                            18/06/2025 -
                            Pleno",Disponibilização D.O.C. 25/06/2025 - Págs. 1-53.,"[{'id': '1143371', 'texto': ''}, {'id': '1143323', 'texto': ''}, {'id': '1143323', 'texto': ''}, {'id': '1143251', 'texto': ''}, {'id': '1143250', 'texto': ''}, {'id': '1143203', 'texto': ''}, {'id': '1143106', 'texto': ''}, {'id': '1143074', 'texto': ''}]"
